Date,SessionTime,X,Y,Z,Status,Speed,RPM,Throttle,Distance,RelativeDistance,DriverAhead,DistanceToDriverAhead,Time,Season,Round,LapNumber,Driver
2022-03-27 18:03:50.062,0 days 02:02:50.052000,-1374.8891328941559,92.13761094879767,122.0,OnTrack,80.944666624,7017.4892020736,100.0,14.515162303280476,0.0023763571295401065,23,125.03847240106664,0 days 00:00:00,2022,2,36.0,BOT
2022-03-27 18:03:50.896,0 days 02:02:50.886000,-1439.0,278.25,122.0,OnTrack,80.66666666666667,7031.0,100.0,32.86925925925926,0.005381207385176119,23,162.40166666666664,0 days 00:00:00.834000,2022,2,36.0,BOT
2022-03-27 18:03:51.896,0 days 02:02:51.886000,-1512.0,490.6666666666667,122.0,OnTrack,80.33333333333333,7044.666666666667,100.0,55.16555555555556,0.009031456797410927,23,222.27574074074073,0 days 00:00:01.834000,2022,2,36.0,BOT
2022-03-27 18:03:52.896,0 days 02:02:52.886000,-1583.0,697.0,122.0,OnTrack,80.0,7010.25,100.0,78.15444444444445,0.012795094355839738,23,283.1988888888889,0 days 00:00:02.834000,2022,2,36.0,BOT
2022-03-27 18:03:53.896,0 days 02:02:53.886000,-1667.75,943.25,122.0,OnTrack,80.5,6993.25,100.0,103.52666666666667,0.016948920534994978,23,90.57319444444445,0 days 00:00:03.834000,2022,2,36.0,BOT
2022-03-27 18:03:54.896,0 days 02:02:54.886000,-1739.0,1149.0,122.0,OnTrack,80.33333333333333,7010.0,100.0,124.70259259259261,0.0204157479460336,23,47.77888888888888,0 days 00:00:04.834000,2022,2,36.0,BOT
2022-03-27 18:03:55.896,0 days 02:02:55.886000,-1818.0,1379.5,122.0,OnTrack,80.66666666666667,6976.666666666667,100.0,144.9507407407407,0.02373068374947009,23,108.24185185185188,0 days 00:00:05.834000,2022,2,36.0,BOT
2022-03-27 18:03:56.896,0 days 02:02:56.886000,-1897.0,1609.3333333333333,122.0,OnTrack,80.4,7028.2,100.0,167.0011111111111,0.027340671274500176,23,170.39077777777783,0 days 00:00:06.834000,2022,2,36.0,BOT
2022-03-27 18:03:57.896,0 days 02:02:57.886000,-1959.75,1791.25,122.0,OnTrack,80.0,6956.4,100.0,189.45444444444445,0.031016630084588603,23,91.60711111111111,0 days 00:00:07.834000,2022,2,36.0,BOT
2022-03-27 18:03:58.896,0 days 02:02:58.886000,-2032.6,2003.8,122.0,OnTrack,79.0,6925.666666666667,67.33333333333333,209.66555555555556,0.03432550235079548,23,59.722592592592555,0 days 00:00:08.834000,2022,2,36.0,BOT
2022-03-27 18:03:59.896,0 days 02:02:59.886000,-2101.0,2202.0,122.0,OnTrack,56.333333333333336,5628.0,0.0,228.0025925925926,0.037327559633183266,23,126.24111111111107,0 days 00:00:09.834000,2022,2,36.0,BOT
2022-03-27 18:04:00.896,0 days 02:03:00.886000,-2137.75,2309.25,122.0,OnTrack,27.5,3999.75,0.0,239.1738888888889,0.03915647405006919,23,186.70499999999996,0 days 00:00:10.834000,2022,2,36.0,BOT
2022-03-27 18:04:01.896,0 days 02:03:01.886000,-2149.5,2342.5,122.0,OnTrack,0.0,3634.75,0.0,241.14333333333337,0.03947890264225455,23,228.90340277777773,0 days 00:00:11.834000,2022,2,36.0,BOT
2022-03-27 18:04:02.896,0 days 02:03:02.886000,-2150.0,2344.0,122.0,OnTrack,0.0,3543.5,0.0,241.14333333333337,0.03947890264225455,23,261.3422222222222,0 days 00:00:12.834000,2022,2,36.0,BOT
2022-03-27 18:04:03.896,0 days 02:03:03.886000,-2150.0,2344.0,122.0,OnTrack,0.0,3529.75,0.0,241.14333333333337,0.03947890264225455,23,284.0338888888889,0 days 00:00:13.834000,2022,2,36.0,BOT
2022-03-27 18:04:04.896,0 days 02:03:04.886000,-2150.0,2344.0,122.0,OnTrack,0.0,5486.333333333333,4.0,241.14333333333335,0.03947890264225455,23,117.17240740740738,0 days 00:00:14.834000,2022,2,36.0,BOT
2022-03-27 18:04:05.896,0 days 02:03:05.886000,-2150.0,2344.0,122.0,OnTrack,0.0,9979.8,22.6,241.14333333333337,0.03947890264225455,23,94.81861111111111,0 days 00:00:15.834000,2022,2,36.0,BOT
2022-03-27 18:04:06.896,0 days 02:03:06.886000,-2150.5,2346.0,122.0,OnTrack,7.6,8028.8,25.6,241.7477777777778,0.03957785956984204,23,72.03255555555552,0 days 00:00:16.834000,2022,2,36.0,BOT
2022-03-27 18:04:07.896,0 days 02:03:07.886000,-2167.75,2396.25,122.0,OnTrack,35.666666666666664,5786.333333333333,28.333333333333332,248.28407407407408,0.04064795262012643,23,74.86259259259252,0 days 00:00:17.834000,2022,2,36.0,BOT
2022-03-27 18:04:08.896,0 days 02:03:08.886000,-2218.75,2545.25,122.0,OnTrack,69.33333333333333,8611.333333333334,72.66666666666667,264.613425925926,0.04332132070813927,23,132.40268518518505,0 days 00:00:18.834000,2022,2,36.0,BOT
2022-03-27 18:04:09.896,0 days 02:03:09.886000,-2277.3333333333335,2712.6666666666665,122.0,OnTrack,80.0,9276.0,100.0,285.4847222222223,0.046738275525464223,23,24.79277777777773,0 days 00:00:19.834000,2022,2,36.0,BOT
2022-03-27 18:04:10.896,0 days 02:03:10.886000,-2357.75,2933.0,122.0,OnTrack,81.33333333333333,9397.333333333334,60.333333333333336,309.7550925925927,0.050711711472038096,23,82.42240740740743,0 days 00:00:20.834000,2022,2,36.0,BOT
2022-03-27 18:04:11.896,0 days 02:03:11.886000,-2450.6666666666665,3199.0,122.0,OnTrack,103.25,11056.5,67.75,333.82916666666677,0.05465301067129495,23,105.20388888888891,0 days 00:00:21.834000,2022,2,36.0,BOT
2022-03-27 18:04:12.896,0 days 02:03:12.886000,-2558.0,3511.0,122.0,OnTrack,141.75,11451.0,92.0,371.801388888889,0.06086965221596893,23,104.78166666666667,0 days 00:00:22.834000,2022,2,36.0,BOT
2022-03-27 18:04:13.896,0 days 02:03:13.886000,-2697.0,3915.25,122.0,OnTrack,152.5,9548.75,0.0,414.99305555555566,0.06794079774472794,23,90.64555555555555,0 days 00:00:23.834000,2022,2,36.0,BOT
2022-03-27 18:04:14.896,0 days 02:03:14.886000,-2824.5,4280.75,122.0,OnTrack,117.5,8646.0,0.0,450.52250000000015,0.07375751869142194,23,81.67847222222221,0 days 00:00:24.834000,2022,2,36.0,BOT
2022-03-27 18:04:15.896,0 days 02:03:15.886000,-2963.25,4502.5,122.0,OnTrack,108.5,8264.0,36.25,478.8194444444445,0.07839016724675767,23,75.94777777777783,0 days 00:00:25.834000,2022,2,36.0,BOT
2022-03-27 18:04:16.896,0 days 02:03:16.886000,-3243.5,4649.25,122.0,OnTrack,119.0,8944.666666666666,24.0,515.5490740740742,0.08440337711737768,23,71.46629629629642,0 days 00:00:26.834000,2022,2,36.0,BOT
2022-03-27 18:04:17.896,0 days 02:03:17.886000,-3504.25,4814.25,122.0,OnTrack,95.33333333333333,6898.666666666667,5.333333333333333,541.7194444444445,0.08868787252383138,23,80.04407407407412,0 days 00:00:27.834000,2022,2,36.0,BOT
2022-03-27 18:04:18.896,0 days 02:03:18.886000,-3576.3333333333335,5021.333333333333,122.0,OnTrack,96.8,7347.8,47.8,569.0505555555555,0.09316239918706151,23,106.10777777777776,0 days 00:00:28.834000,2022,2,36.0,BOT
2022-03-27 18:04:19.896,0 days 02:03:19.886000,-3522.25,5331.75,122.0,OnTrack,135.33333333333334,10433.333333333334,91.0,603.9120370370372,0.09886976423981923,23,133.65888888888867,0 days 00:00:29.834000,2022,2,36.0,BOT
2022-03-27 18:04:20.896,0 days 02:03:20.886000,-3379.0,5767.333333333333,122.0,OnTrack,186.5,10740.25,100.0,653.4861111111112,0.10698580882167352,23,153.79222222222214,0 days 00:00:30.834000,2022,2,36.0,BOT
2022-03-27 18:04:21.896,0 days 02:03:21.886000,-3287.2,6300.8,120.6,OnTrack,217.5,11258.5,100.0,708.8070833333336,0.11604270973718431,23,165.52291666666636,0 days 00:00:31.834000,2022,2,36.0,BOT
2022-03-27 18:04:22.896,0 days 02:03:22.886000,-3397.3333333333335,6965.666666666667,114.66666666666667,OnTrack,237.75,10920.25,100.0,772.5097222222225,0.12647181944544555,23,161.9211111111108,0 days 00:00:32.834000,2022,2,36.0,BOT
2022-03-27 18:04:23.896,0 days 02:03:23.886000,-3468.75,7526.75,115.5,OnTrack,250.75,11440.75,100.0,835.5208333333335,0.1367877153342081,23,140.1961111111109,0 days 00:00:33.834000,2022,2,36.0,BOT
2022-03-27 18:04:24.896,0 days 02:03:24.886000,-3558.0,8214.6,116.4,OnTrack,255.75,11621.75,77.75,897.0763888888891,0.1468653142098464,23,114.032222222222,0 days 00:00:34.834000,2022,2,36.0,BOT
2022-03-27 18:04:25.896,0 days 02:03:25.886000,-3638.25,8915.5,117.25,OnTrack,187.2,10164.8,0.0,965.1441666666667,0.1580090648365698,23,98.06277777777754,0 days 00:00:35.834000,2022,2,36.0,BOT
2022-03-27 18:04:26.896,0 days 02:03:26.886000,-3851.5,9263.0,117.5,OnTrack,143.0,9138.666666666666,14.333333333333334,1011.2893518518518,0.16556374714170533,23,108.55537037037008,0 days 00:00:36.834000,2022,2,36.0,BOT
2022-03-27 18:04:27.896,0 days 02:03:27.886000,-4184.75,9442.25,123.5,OnTrack,153.5,9778.75,74.25,1050.3622222222223,0.1719605818540007,23,124.55708333333314,0 days 00:00:37.834000,2022,2,36.0,BOT
2022-03-27 18:04:28.896,0 days 02:03:28.886000,-4474.5,9813.25,129.75,OnTrack,180.0,11022.0,76.33333333333333,1095.9330555555555,0.17942123385554778,23,139.01787037037025,0 days 00:00:38.834000,2022,2,36.0,BOT
2022-03-27 18:04:29.896,0 days 02:03:29.886000,-4588.0,10270.6,131.6,OnTrack,194.66666666666666,10519.666666666666,79.33333333333333,1143.0533333333335,0.18713555393709633,23,150.48351851851817,0 days 00:00:39.834000,2022,2,36.0,BOT
2022-03-27 18:04:30.896,0 days 02:03:30.886000,-4495.0,10877.25,126.5,OnTrack,218.0,11416.0,97.8,1204.697777777778,0.19722770530208572,23,157.26277777777767,0 days 00:00:40.834000,2022,2,36.0,BOT
2022-03-27 18:04:31.896,0 days 02:03:31.886000,-4260.0,11442.0,115.5,OnTrack,239.6,10909.0,95.6,1274.3911111111113,0.2086375845778174,23,156.5694444444442,0 days 00:00:41.834000,2022,2,36.0,BOT
2022-03-27 18:04:32.896,0 days 02:03:32.886000,-4292.0,12055.2,115.8,OnTrack,239.33333333333334,11089.333333333334,58.0,1348.0829629629632,0.22070208333285954,23,153.60203703703692,0 days 00:00:42.834000,2022,2,36.0,BOT
2022-03-27 18:04:33.896,0 days 02:03:33.886000,-4573.25,12646.0,126.0,OnTrack,236.0,10856.8,67.0,1409.808888888889,0.23080757447975406,23,149.13611111111112,0 days 00:00:43.834000,2022,2,36.0,BOT
2022-03-27 18:04:34.896,0 days 02:03:34.886000,-4962.666666666667,13091.0,132.33333333333334,OnTrack,225.33333333333334,10313.0,42.333333333333336,1473.5354629629628,0.2412406027489499,23,141.29740740740758,0 days 00:00:44.834000,2022,2,36.0,BOT
2022-03-27 18:04:35.896,0 days 02:03:35.886000,-5039.0,13710.666666666666,134.66666666666666,OnTrack,222.6,10359.0,73.4,1530.665,0.25059359376680485,23,137.14777777777812,0 days 00:00:45.834000,2022,2,36.0,BOT
2022-03-27 18:04:36.896,0 days 02:03:36.886000,-4909.5,14326.25,129.75,OnTrack,206.2,10108.0,13.4,1594.0116666666668,0.2609644253028679,23,137.76111111111157,0 days 00:00:46.834000,2022,2,36.0,BOT
2022-03-27 18:04:37.896,0 days 02:03:37.886000,-4506.0,14732.5,123.5,OnTrack,207.33333333333334,11181.333333333334,86.33333333333333,1652.970925925926,0.27061697021870934,23,147.79074074074143,0 days 00:00:47.834000,2022,2,36.0,BOT
2022-03-27 18:04:38.896,0 days 02:03:38.886000,-4081.25,15064.75,117.75,OnTrack,219.75,10864.25,81.0,1711.4783333333332,0.2801955399803494,23,158.42777777777877,0 days 00:00:48.834000,2022,2,36.0,BOT
2022-03-27 18:04:39.896,0 days 02:03:39.886000,-3882.6,15645.8,118.6,OnTrack,234.75,10853.75,100.0,1775.514444444444,0.2906792442619419,23,170.08055555555654,0 days 00:00:49.834000,2022,2,36.0,BOT
2022-03-27 18:04:40.896,0 days 02:03:40.886000,-3722.0,16297.666666666666,116.0,OnTrack,251.75,11556.25,100.0,1837.7296527777776,0.30086483852535056,23,178.77423611111186,0 days 00:00:50.834000,2022,2,36.0,BOT
2022-03-27 18:04:41.896,0 days 02:03:41.886000,-3577.0,16923.75,114.0,OnTrack,263.75,10813.0,100.0,1907.7066666666665,0.31232116070655047,23,186.45923611111232,0 days 00:00:51.834000,2022,2,36.0,BOT
2022-03-27 18:04:42.896,0 days 02:03:42.886000,-3486.0,17766.25,113.25,OnTrack,272.8,10937.8,100.0,1980.7536111111108,0.3242800781195817,23,191.01938888888975,0 days 00:00:52.834000,2022,2,36.0,BOT
2022-03-27 18:04:43.896,0 days 02:03:43.886000,-3462.25,18465.25,112.0,OnTrack,275.6666666666667,11082.0,100.0,2060.3425,0.33731001327232485,23,166.86435185185164,0 days 00:00:53.834000,2022,2,36.0,BOT
2022-03-27 18:04:44.896,0 days 02:03:44.886000,-3492.6666666666665,19300.0,112.0,OnTrack,280.5,11217.0,100.0,2136.5647222222224,0.34978877289089505,23,125.94861111111118,0 days 00:00:54.834000,2022,2,36.0,BOT
2022-03-27 18:04:45.896,0 days 02:03:45.886000,-3527.5,20005.5,113.0,OnTrack,283.0,11308.666666666666,100.0,2216.2610185185185,0.36283629230160414,23,82.6828703703706,0 days 00:00:55.834000,2022,2,36.0,BOT
2022-03-27 18:04:46.896,0 days 02:03:46.886000,-3607.75,20849.75,119.25,OnTrack,242.66666666666666,9972.666666666666,0.0,2291.968425925926,0.3752307687526825,23,44.03101851851867,0 days 00:00:56.834000,2022,2,36.0,BOT
2022-03-27 18:04:47.896,0 days 02:03:47.886000,-3714.0,21325.0,117.0,OnTrack,189.0,10604.0,0.0,2342.4872222222225,0.3835014790104215,23,24.437777777777796,0 days 00:00:57.834000,2022,2,36.0,BOT
2022-03-27 18:04:48.896,0 days 02:03:48.886000,-3965.5,21682.5,119.5,OnTrack,149.0,9257.5,0.0,2394.7786111111113,0.39206239015997035,23,11.32208333333324,0 days 00:00:58.834000,2022,2,36.0,BOT
2022-03-27 18:04:49.896,0 days 02:03:49.886000,-4376.4,21757.4,125.0,OnTrack,144.0,9273.5,66.5,2434.4530555555557,0.39855771187571787,23,4.414444444444371,0 days 00:00:59.834000,2022,2,36.0,BOT
2022-03-27 18:04:50.896,0 days 02:03:50.886000,-4655.5,21537.75,122.25,OnTrack,162.0,10344.0,68.2,2476.7686111111116,0.4054854244313101,23,126.56444444444514,0 days 00:01:00.834000,2022,2,36.0,BOT
2022-03-27 18:04:51.896,0 days 02:03:51.886000,-4798.0,21048.666666666668,122.66666666666667,OnTrack,183.0,11750.5,100.0,2522.5752777777775,0.4129846860061668,23,144.6000000000015,0 days 00:01:01.834000,2022,2,36.0,BOT
2022-03-27 18:04:52.896,0 days 02:03:52.886000,-4753.75,20529.25,124.5,OnTrack,213.4,11439.0,100.0,2577.2952777777773,0.42194319845070527,23,159.21777777777953,0 days 00:01:02.834000,2022,2,36.0,BOT
2022-03-27 18:04:53.896,0 days 02:03:53.886000,-4521.25,19983.75,121.5,OnTrack,239.0,10954.0,100.0,2646.2974999999997,0.43323993212173223,23,171.68888888889046,0 days 00:01:03.834000,2022,2,36.0,BOT
2022-03-27 18:04:54.896,0 days 02:03:54.886000,-4218.6,19355.6,118.2,OnTrack,254.5,11353.0,100.0,2719.2502777777772,0.4451834329913571,23,180.28944444444562,0 days 00:01:04.834000,2022,2,36.0,BOT
2022-03-27 18:04:55.896,0 days 02:03:55.886000,-4109.0,18645.666666666668,115.66666666666667,OnTrack,262.3333333333333,10540.0,100.0,2795.3537037037026,0.4576427438142632,23,176.71583333333487,0 days 00:01:05.834000,2022,2,36.0,BOT
2022-03-27 18:04:56.896,0 days 02:03:56.886000,-4179.0,17915.25,114.25,OnTrack,267.75,10783.25,100.0,2862.1472222222214,0.46857787844260135,23,155.7380555555569,0 days 00:01:06.834000,2022,2,36.0,BOT
2022-03-27 18:04:57.896,0 days 02:03:57.886000,-4442.75,17172.0,116.5,OnTrack,274.0,11006.666666666666,100.0,2936.994444444443,0.48083152924152156,23,126.14916666666811,0 days 00:01:07.834000,2022,2,36.0,BOT
2022-03-27 18:04:58.896,0 days 02:03:58.886000,-4671.5,16544.75,121.25,OnTrack,218.0,9686.75,0.0,3006.5277777777774,0.4922152140364213,23,107.82138888888971,0 days 00:01:08.834000,2022,2,36.0,BOT
2022-03-27 18:04:59.896,0 days 02:03:59.886000,-4795.666666666667,15997.666666666666,122.0,OnTrack,167.75,9292.25,0.0,3056.158333333333,0.5003405055125508,23,112.27138888888953,0 days 00:01:09.834000,2022,2,36.0,BOT
2022-03-27 18:05:00.896,0 days 02:04:00.886000,-5034.333333333333,15684.666666666666,121.33333333333333,OnTrack,158.2,10021.4,56.4,3102.4368888888885,0.5079170226152503,23,130.49950000000098,0 days 00:01:10.834000,2022,2,36.0,BOT
2022-03-27 18:05:01.896,0 days 02:04:01.886000,-5421.0,15565.0,119.75,OnTrack,170.5,9425.75,47.0,3144.800555555555,0.5148526117057037,23,149.5277777777785,0 days 00:01:11.834000,2022,2,36.0,BOT
2022-03-27 18:05:02.896,0 days 02:04:02.886000,-5708.5,15133.25,115.5,OnTrack,177.0,9526.5,62.5,3191.124722222222,0.5224365960545014,23,172.16166666666697,0 days 00:01:12.834000,2022,2,36.0,BOT
2022-03-27 18:05:03.896,0 days 02:04:03.886000,-5787.5,14594.25,115.75,OnTrack,192.0,10234.25,68.75,3242.974722222222,0.5309252449991163,23,195.71722222222206,0 days 00:01:13.834000,2022,2,36.0,BOT
2022-03-27 18:05:04.896,0 days 02:04:04.886000,-5782.25,14037.75,118.75,OnTrack,206.66666666666666,9460.0,70.0,3303.9173148148147,0.5409024923336042,23,220.8524074074077,0 days 00:01:14.834000,2022,2,36.0,BOT
2022-03-27 18:05:05.896,0 days 02:04:05.886000,-5701.25,13468.75,123.25,OnTrack,215.0,9828.2,60.6,3360.1180555555547,0.5501034249965832,23,242.04277777777833,0 days 00:01:15.834000,2022,2,36.0,BOT
2022-03-27 18:05:06.896,0 days 02:04:06.886000,-5503.0,12858.25,122.5,OnTrack,218.25,9958.25,51.0,3432.846944444444,0.562010271783655,23,269.9450000000005,0 days 00:01:16.834000,2022,2,36.0,BOT
2022-03-27 18:05:07.896,0 days 02:04:07.886000,-5277.4,12315.8,118.2,OnTrack,216.25,9852.0,43.0,3482.3713888888883,0.5701181912256217,23,290.06388888888955,0 days 00:01:17.834000,2022,2,36.0,BOT
2022-03-27 18:05:08.896,0 days 02:04:08.886000,-5099.5,11756.75,115.25,OnTrack,210.75,9658.25,46.25,3542.5115277777777,0.5799640644466083,23,317.1612499999999,0 days 00:01:18.834000,2022,2,36.0,BOT
2022-03-27 18:05:09.896,0 days 02:04:09.886000,-4994.666666666667,11136.0,117.33333333333333,OnTrack,211.0,9602.666666666666,51.0,3595.1822222222218,0.5885870737968101,23,342.29749999999996,0 days 00:01:19.834000,2022,2,36.0,BOT
2022-03-27 18:05:10.896,0 days 02:04:10.886000,-4977.0,10865.0,121.0,OnTrack,217.0,9985.0,73.0,3658.593333333333,0.5989684558876526,23,369.9808333333335,0 days 00:01:20.834000,2022,2,36.0,BOT
2022-03-27 18:05:11.896,0 days 02:04:11.886000,-4904.25,9978.5,127.25,OnTrack,227.33333333333334,10432.0,76.0,3717.2711111111107,0.6085749179205489,23,8.81611111111306,0 days 00:01:21.834000,2022,2,36.0,BOT
2022-03-27 18:05:12.896,0 days 02:04:12.886000,-4746.75,9334.25,126.75,OnTrack,239.25,10961.0,73.75,3786.6599999999994,0.6199349549202531,23,28.516111111112878,0 days 00:01:22.834000,2022,2,36.0,BOT
2022-03-27 18:05:13.896,0 days 02:04:13.886000,-4495.0,8804.75,122.5,OnTrack,248.5,10625.0,74.5,3861.4774305555547,0.6321837283614142,23,46.936527777779816,0 days 00:01:23.834000,2022,2,36.0,BOT
2022-03-27 18:05:14.896,0 days 02:04:14.886000,-4164.75,8196.5,116.75,OnTrack,254.8,10209.4,73.8,3928.3852777777765,0.643137580371238,23,60.41777777777979,0 days 00:01:24.834000,2022,2,36.0,BOT
2022-03-27 18:05:15.896,0 days 02:04:15.886000,-3937.2,7529.4,114.4,OnTrack,257.5,10337.0,70.5,3987.3605555555546,0.6527927477669313,23,70.68083333333539,0 days 00:01:25.834000,2022,2,36.0,BOT
2022-03-27 18:05:16.896,0 days 02:04:16.886000,-3822.4,6787.8,113.8,OnTrack,256.5,10209.75,47.75,4070.8886111111105,0.6664675855805745,23,77.86944444444589,0 days 00:01:26.834000,2022,2,36.0,BOT
2022-03-27 18:05:17.896,0 days 02:04:17.886000,-3807.0,6060.4,113.0,OnTrack,240.5,9651.75,0.25,4140.999722222222,0.6779458615562565,23,68.86111111111222,0 days 00:01:27.834000,2022,2,36.0,BOT
2022-03-27 18:05:18.896,0 days 02:04:18.886000,-3870.0,5434.25,114.5,OnTrack,218.66666666666666,9148.0,0.0,4198.624722222222,0.6873799675434006,23,60.91944444444562,0 days 00:01:28.834000,2022,2,36.0,BOT
2022-03-27 18:05:19.896,0 days 02:04:19.886000,-3905.25,4908.0,115.5,OnTrack,187.0,9535.0,3.5,4249.599722222222,0.6957253654209656,23,65.91944444444584,0 days 00:01:29.834000,2022,2,36.0,BOT
2022-03-27 18:05:20.896,0 days 02:04:20.886000,-3728.3333333333335,4472.666666666667,115.33333333333333,OnTrack,177.2,9491.2,59.0,4303.956277777778,0.7046243763746699,23,84.33111111111211,0 days 00:01:30.834000,2022,2,36.0,BOT
2022-03-27 18:05:21.896,0 days 02:04:21.886000,-3362.5,4083.5,113.25,OnTrack,193.33333333333334,10318.333333333334,72.66666666666667,4352.0254629629635,0.7124940473118101,23,101.63518518518624,0 days 00:01:31.834000,2022,2,36.0,BOT
2022-03-27 18:05:22.896,0 days 02:04:22.886000,-3124.75,3564.5,113.75,OnTrack,206.25,10094.25,70.5,4408.690277777779,0.7217709560962763,23,119.48500000000149,0 days 00:01:32.834000,2022,2,36.0,BOT
2022-03-27 18:05:23.896,0 days 02:04:23.886000,-3085.0,3035.25,112.5,OnTrack,216.75,9963.75,68.25,4467.306944444445,0.7313674132927439,23,136.83777777777868,0 days 00:01:33.834000,2022,2,36.0,BOT
2022-03-27 18:05:24.896,0 days 02:04:24.886000,-3219.25,2444.5,113.5,OnTrack,224.0,10262.2,65.4,4532.798055555557,0.7420893236344022,23,155.47444444444608,0 days 00:01:34.834000,2022,2,36.0,BOT
2022-03-27 18:05:25.896,0 days 02:04:25.886000,-3490.0,1877.3333333333333,117.66666666666667,OnTrack,228.66666666666666,10425.0,58.666666666666664,4601.984722222223,0.7534162537208325,23,174.8100000000007,0 days 00:01:35.834000,2022,2,36.0,BOT
2022-03-27 18:05:26.896,0 days 02:04:26.886000,-3747.2,1350.0,120.8,OnTrack,229.0,10454.75,58.0,4660.567291666669,0.7630071286733382,23,192.10381944444498,0 days 00:01:36.834000,2022,2,36.0,BOT
2022-03-27 18:05:27.896,0 days 02:04:27.886000,-3971.75,735.5,118.25,OnTrack,229.4,10475.0,57.2,4729.301666666669,0.7742600116010626,23,213.9141666666661,0 days 00:01:37.834000,2022,2,36.0,BOT
2022-03-27 18:05:28.896,0 days 02:04:28.886000,-4069.25,97.0,114.0,OnTrack,230.0,10518.666666666666,58.666666666666664,4792.275185185188,0.7845697529995372,23,234.4375925925918,0 days 00:01:38.834000,2022,2,36.0,BOT
2022-03-27 18:05:29.896,0 days 02:04:29.886000,-4043.6666666666665,-543.0,113.0,OnTrack,231.33333333333334,9478.0,58.666666666666664,4852.902962962967,0.7944954602675735,23,253.76814814814648,0 days 00:01:39.834000,2022,2,36.0,BOT
2022-03-27 18:05:30.896,0 days 02:04:30.886000,-3928.25,-1152.0,113.0,OnTrack,231.75,9281.75,49.25,4920.948333333336,0.8056355424542729,23,274.35611111110984,0 days 00:01:40.834000,2022,2,36.0,BOT
2022-03-27 18:05:31.896,0 days 02:04:31.886000,-3758.0,-1834.0,113.25,OnTrack,228.6,9157.0,48.0,4983.931111111115,0.8159467997370549,23,293.4666666666641,0 days 00:01:41.834000,2022,2,36.0,BOT
2022-03-27 18:05:32.896,0 days 02:04:32.886000,-3557.3333333333335,-2485.6666666666665,114.0,OnTrack,225.75,9035.75,48.0,5046.5511111111155,0.8261986646726727,23,309.7783333333307,0 days 00:01:42.834000,2022,2,36.0,BOT
2022-03-27 18:05:33.896,0 days 02:04:33.886000,-3312.0,-3010.6666666666665,114.0,OnTrack,223.5,8925.25,47.0,5102.662638888893,0.8353849917903498,23,305.7212499999964,0 days 00:01:43.834000,2022,2,36.0,BOT
2022-03-27 18:05:34.896,0 days 02:04:34.886000,-2980.5,-3491.75,113.75,OnTrack,220.25,8822.25,47.0,5167.91305555556,0.8460674967194373,23,283.0280555555503,0 days 00:01:44.834000,2022,2,36.0,BOT
2022-03-27 18:05:35.896,0 days 02:04:35.886000,-2581.25,-3930.0,112.5,OnTrack,212.0,8390.75,0.0,5230.874027777782,0.8563751840946752,23,254.00444444443883,0 days 00:01:45.834000,2022,2,36.0,BOT
2022-03-27 18:05:36.896,0 days 02:04:36.886000,-2197.5,-4294.5,112.0,OnTrack,198.5,7896.75,0.25,5283.564722222227,0.8650014677549809,23,229.45861111110594,0 days 00:01:46.834000,2022,2,36.0,BOT
2022-03-27 18:05:37.896,0 days 02:04:37.886000,-1795.0,-4652.0,112.5,OnTrack,186.2,7363.4,3.8,5335.29805555556,0.8734710165573224,23,213.23138888888406,0 days 00:01:47.834000,2022,2,36.0,BOT
2022-03-27 18:05:38.896,0 days 02:04:38.886000,-1366.5,-4986.166666666667,112.83333333333333,OnTrack,174.8,6970.8,0.0,5384.6536111111145,0.8815512862695218,23,209.95805555555071,0 days 00:01:48.834000,2022,2,36.0,BOT
2022-03-27 18:05:39.896,0 days 02:04:39.886000,-962.5,-5288.75,113.0,OnTrack,160.8,7406.0,0.0,5431.520277777781,0.8892240862798906,23,220.1736111111064,0 days 00:01:49.834000,2022,2,36.0,BOT
2022-03-27 18:05:40.896,0 days 02:04:40.886000,-633.5,-5533.5,113.0,OnTrack,127.2,7381.0,0.0,5472.688611111114,0.895963980769795,23,235.5017777777739,0 days 00:01:50.834000,2022,2,36.0,BOT
2022-03-27 18:05:41.896,0 days 02:04:41.886000,-371.25,-5628.0,113.0,OnTrack,104.8,6484.6,0.0,5503.326388888893,0.9009798600368862,23,215.84888888888472,0 days 00:01:51.834000,2022,2,36.0,BOT
2022-03-27 18:05:42.896,0 days 02:04:42.886000,-145.66666666666666,-5564.0,113.0,OnTrack,96.0,5955.666666666667,3.3333333333333335,5530.37268518519,0.9054077580988206,23,193.76055555555135,0 days 00:01:52.834000,2022,2,36.0,BOT
2022-03-27 18:05:43.896,0 days 02:04:43.886000,0.6,-5354.4,113.0,OnTrack,96.75,6154.75,25.25,5557.8541666666715,0.909906902723203,23,171.19666666666217,0 days 00:01:53.834000,2022,2,36.0,BOT
2022-03-27 18:05:44.896,0 days 02:04:44.886000,2.8,-5048.8,114.2,OnTrack,106.0,6675.666666666667,30.333333333333332,5585.561574074079,0.9144430349246863,23,147.78277777777262,0 days 00:01:54.834000,2022,2,36.0,BOT
2022-03-27 18:05:45.896,0 days 02:04:45.886000,-61.0,-4743.25,115.5,OnTrack,115.25,7236.5,31.0,5614.829166666671,0.9192345936319672,23,122.42722222221687,0 days 00:01:55.834000,2022,2,36.0,BOT
2022-03-27 18:05:46.896,0 days 02:04:46.886000,-131.75,-4413.0,116.25,OnTrack,121.8,7598.6,24.0,5650.705611111114,0.9251081238589656,23,90.66611111110578,0 days 00:01:56.834000,2022,2,36.0,BOT
2022-03-27 18:05:47.896,0 days 02:04:47.886000,-216.0,-3992.5,117.5,OnTrack,124.75,7782.75,22.25,5686.932777777782,0.93103907275176,23,58.14111111110515,0 days 00:01:57.834000,2022,2,36.0,BOT
2022-03-27 18:05:48.896,0 days 02:04:48.886000,-292.3333333333333,-3638.3333333333335,118.33333333333333,OnTrack,119.0,7421.5,0.0,5716.241111111115,0.9358373013499937,23,31.618888888884157,0 days 00:01:58.834000,2022,2,36.0,BOT
2022-03-27 18:05:49.896,0 days 02:04:49.886000,-344.6666666666667,-3403.6666666666665,119.0,OnTrack,99.75,6927.25,0.0,5745.361388888892,0.9406047423379438,23,179.1918055555525,0 days 00:01:59.834000,2022,2,36.0,BOT
2022-03-27 18:05:50.896,0 days 02:04:50.886000,-402.0,-3147.0,119.75,OnTrack,91.75,6731.5,0.0,5771.530833333336,0.9448890861559668,23,717.6916666666662,0 days 00:02:00.834000,2022,2,36.0,BOT
2022-03-27 18:05:51.896,0 days 02:04:51.886000,-455.6,-2909.0,120.4,OnTrack,85.25,6261.5,0.0,5798.575277777781,0.9493166810410395,23,740.7083333333319,0 days 00:02:01.834000,2022,2,36.0,BOT
2022-03-27 18:05:52.896,0 days 02:04:52.886000,-511.2,-2665.6,121.0,OnTrack,81.6,6049.0,4.4,5821.698611111114,0.9531023292396119,23,751.2883333333323,0 days 00:02:02.834000,2022,2,36.0,BOT
2022-03-27 18:05:53.896,0 days 02:04:53.886000,-566.8,-2420.0,121.2,OnTrack,83.5,6183.75,7.75,5846.265000000001,0.9571242280074934,23,757.4080555555547,0 days 00:02:03.834000,2022,2,36.0,BOT
2022-03-27 18:05:54.896,0 days 02:04:54.886000,-608.75,-2226.5,122.0,OnTrack,85.25,6306.5,7.25,5870.02888888889,0.961014745082452,23,757.6024999999993,0 days 00:02:04.834000,2022,2,36.0,BOT
2022-03-27 18:05:55.896,0 days 02:04:55.886000,-658.4,-1996.6,122.0,OnTrack,86.5,6396.5,7.0,5891.047361111113,0.9644557948808433,23,759.4554166666649,0 days 00:02:05.834000,2022,2,36.0,BOT
2022-03-27 18:05:56.896,0 days 02:04:56.886000,-710.25,-1756.25,121.25,OnTrack,87.75,6456.0,7.0,5913.368611111113,0.9681101296012866,23,768.1666666666647,0 days 00:02:06.834000,2022,2,36.0,BOT
2022-03-27 18:05:57.896,0 days 02:04:57.886000,-763.5,-1519.75,121.0,OnTrack,88.0,6498.25,7.0,5938.790833333334,0.9722721415557017,23,789.3861111111096,0 days 00:02:07.834000,2022,2,36.0,BOT
2022-03-27 18:05:58.896,0 days 02:04:58.886000,-828.75,-1251.5,120.0,OnTrack,87.0,6418.333333333333,2.6666666666666665,5964.450092592594,0.9764729601483865,23,821.6675925925914,0 days 00:02:08.834000,2022,2,36.0,BOT
2022-03-27 18:05:59.896,0 days 02:04:59.886000,-888.0,-1031.0,120.0,OnTrack,80.75,5994.25,0.0,5988.265694444446,0.9803719434372022,23,863.6724999999981,0 days 00:02:09.834000,2022,2,36.0,BOT
2022-03-27 18:06:00.896,0 days 02:05:00.886000,-943.6666666666666,-840.3333333333334,119.66666666666667,OnTrack,76.5,6596.0,5.5,6008.609722222224,0.983702576222642,23,907.3177777777757,0 days 00:02:10.834000,2022,2,36.0,BOT
2022-03-27 18:06:01.896,0 days 02:05:01.886000,-1023.6666666666666,-581.6666666666666,119.0,OnTrack,79.0,6887.666666666667,28.333333333333332,6030.182870370372,0.9872344350704685,23,955.5501851851828,0 days 00:02:11.834000,2022,2,36.0,BOT
2022-03-27 18:06:02.896,0 days 02:05:02.886000,-1080.75,-405.5,118.75,OnTrack,80.0,7042.5,34.0,6050.651388888892,0.9905854489204213,23,987.5726388888854,0 days 00:02:12.834000,2022,2,36.0,BOT
2022-03-27 18:06:03.896,0 days 02:05:03.886000,-1175.25,-308.25,118.0,OnTrack,80.0,7019.0,34.0,6070.868055555558,0.9938952307172126,23,1006.8122222222187,0 days 00:02:13.834000,2022,2,36.0,BOT
2022-03-27 18:06:04.896,0 days 02:05:04.886000,-1264.8,-232.4,118.0,OnTrack,81.0,6997.4,32.0,6098.076944444448,0.9983497477075851,23,1031.4011111111074,0 days 00:02:14.834000,2022,2,36.0,BOT
2022-03-27 18:06:05.893,0 days 02:05:05.883000,-1342.7816233693982,-0.9747115298729125,118.00025530689926,OnTrack,81.0,6997.4,32.0,6133.361311074167,1.004126345616028,23,1031.4011111111074,0 days 00:02:15.831000,2022,2,36.0,BOT
