Time,AirTemp,Humidity,Pressure,Rainfall,TrackTemp,WindDirection,WindSpeed,Season,Round,Date
0 days 00:01:03.204000,25.6,17.0,1010.2,False,32.3,346,0.5,2022,1,2022-03-20 15:01:03.204
0 days 00:01:03.204000,25.6,17.0,1010.2,False,32.3,346,0.5,2022,1,2022-03-20 15:01:03.204
0 days 00:02:03.202000,25.7,17.0,1010.2,False,32.3,347,0.6,2022,1,2022-03-20 15:02:03.202
0 days 00:02:03.202000,25.7,17.0,1010.2,False,32.3,347,0.6,2022,1,2022-03-20 15:02:03.202
0 days 00:03:03.205000,25.7,17.0,1010.0,False,32.2,359,0.4,2022,1,2022-03-20 15:03:03.205
0 days 00:03:03.205000,25.7,17.0,1010.0,False,32.2,359,0.4,2022,1,2022-03-20 15:03:03.205
0 days 00:04:03.220000,25.7,17.0,1010.2,False,32.2,8,0.4,2022,1,2022-03-20 15:04:03.220
0 days 00:04:03.220000,25.7,17.0,1010.2,False,32.2,8,0.4,2022,1,2022-03-20 15:04:03.220
0 days 00:05:03.218000,25.6,17.0,1010.0,False,32.1,16,0.5,2022,1,2022-03-20 15:05:03.218
0 days 00:05:03.218000,25.6,17.0,1010.0,False,32.1,16,0.5,2022,1,2022-03-20 15:05:03.218
0 days 00:06:03.216000,25.5,17.0,1010.2,False,32.1,29,0.4,2022,1,2022-03-20 15:06:03.216
0 days 00:06:03.216000,25.5,17.0,1010.2,False,32.1,29,0.4,2022,1,2022-03-20 15:06:03.216
0 days 00:07:03.217000,25.5,17.0,1010.2,False,32.1,19,0.5,2022,1,2022-03-20 15:07:03.217
0 days 00:07:03.217000,25.5,17.0,1010.2,False,32.1,19,0.5,2022,1,2022-03-20 15:07:03.217
0 days 00:08:03.217000,25.5,17.0,1010.0,False,32.0,3,0.4,2022,1,2022-03-20 15:08:03.217
0 days 00:08:03.217000,25.5,17.0,1010.0,False,32.0,3,0.4,2022,1,2022-03-20 15:08:03.217
0 days 00:09:03.218000,25.5,17.0,1010.2,False,31.9,348,0.4,2022,1,2022-03-20 15:09:03.218
0 days 00:09:03.218000,25.5,17.0,1010.2,False,31.9,348,0.4,2022,1,2022-03-20 15:09:03.218
0 days 00:10:03.216000,25.5,16.0,1010.2,False,31.9,7,0.5,2022,1,2022-03-20 15:10:03.216
0 days 00:10:03.216000,25.5,16.0,1010.2,False,31.9,7,0.5,2022,1,2022-03-20 15:10:03.216
0 days 00:11:03.217000,25.5,16.0,1010.2,False,31.8,359,0.6,2022,1,2022-03-20 15:11:03.217
0 days 00:11:03.217000,25.5,16.0,1010.2,False,31.8,359,0.6,2022,1,2022-03-20 15:11:03.217
0 days 00:12:03.218000,25.4,16.0,1010.2,False,31.6,14,0.6,2022,1,2022-03-20 15:12:03.218
0 days 00:12:03.218000,25.4,16.0,1010.2,False,31.6,14,0.6,2022,1,2022-03-20 15:12:03.218
0 days 00:13:03.217000,25.4,16.0,1010.2,False,31.6,9,0.6,2022,1,2022-03-20 15:13:03.217
0 days 00:13:03.217000,25.4,16.0,1010.2,False,31.6,9,0.6,2022,1,2022-03-20 15:13:03.217
0 days 00:14:03.219000,25.3,16.0,1010.0,False,31.5,5,0.6,2022,1,2022-03-20 15:14:03.219
0 days 00:14:03.219000,25.3,16.0,1010.0,False,31.5,5,0.6,2022,1,2022-03-20 15:14:03.219
0 days 00:15:03.228000,25.3,17.0,1010.2,False,31.4,9,0.6,2022,1,2022-03-20 15:15:03.228
0 days 00:15:03.228000,25.3,17.0,1010.2,False,31.4,9,0.6,2022,1,2022-03-20 15:15:03.228
0 days 00:16:03.239000,25.3,17.0,1010.2,False,31.3,16,0.6,2022,1,2022-03-20 15:16:03.239
0 days 00:16:03.239000,25.3,17.0,1010.2,False,31.3,16,0.6,2022,1,2022-03-20 15:16:03.239
0 days 00:17:03.218000,25.3,17.0,1010.2,False,31.3,356,0.5,2022,1,2022-03-20 15:17:03.218
0 days 00:17:03.218000,25.3,17.0,1010.2,False,31.3,356,0.5,2022,1,2022-03-20 15:17:03.218
0 days 00:18:03.216000,25.2,17.0,1010.2,False,31.3,12,0.6,2022,1,2022-03-20 15:18:03.216
0 days 00:18:03.216000,25.2,17.0,1010.2,False,31.3,12,0.6,2022,1,2022-03-20 15:18:03.216
0 days 00:19:03.215000,25.2,17.0,1010.2,False,31.1,357,0.6,2022,1,2022-03-20 15:19:03.215
0 days 00:19:03.215000,25.2,17.0,1010.2,False,31.1,357,0.6,2022,1,2022-03-20 15:19:03.215
0 days 00:20:03.215000,25.1,17.0,1010.2,False,31.1,9,0.5,2022,1,2022-03-20 15:20:03.215
0 days 00:20:03.215000,25.1,17.0,1010.2,False,31.1,9,0.5,2022,1,2022-03-20 15:20:03.215
0 days 00:21:03.228000,25.1,17.0,1010.2,False,31.0,358,0.6,2022,1,2022-03-20 15:21:03.228
0 days 00:21:03.228000,25.1,17.0,1010.2,False,31.0,358,0.6,2022,1,2022-03-20 15:21:03.228
0 days 00:22:03.212000,25.1,18.0,1010.2,False,31.0,9,0.6,2022,1,2022-03-20 15:22:03.212
0 days 00:22:03.212000,25.1,18.0,1010.2,False,31.0,9,0.6,2022,1,2022-03-20 15:22:03.212
0 days 00:23:03.218000,25.1,18.0,1010.2,False,30.8,341,0.5,2022,1,2022-03-20 15:23:03.218
0 days 00:23:03.218000,25.1,18.0,1010.2,False,30.8,341,0.5,2022,1,2022-03-20 15:23:03.218
0 days 00:24:03.217000,25.0,18.0,1010.2,False,31.1,358,0.6,2022,1,2022-03-20 15:24:03.217
0 days 00:24:03.217000,25.0,18.0,1010.2,False,31.1,358,0.6,2022,1,2022-03-20 15:24:03.217
0 days 00:25:03.218000,25.0,18.0,1010.2,False,31.1,340,0.5,2022,1,2022-03-20 15:25:03.218
0 days 00:25:03.218000,25.0,18.0,1010.2,False,31.1,340,0.5,2022,1,2022-03-20 15:25:03.218
0 days 00:26:03.225000,25.0,18.0,1010.2,False,31.0,353,0.4,2022,1,2022-03-20 15:26:03.225
0 days 00:26:03.225000,25.0,18.0,1010.2,False,31.0,353,0.4,2022,1,2022-03-20 15:26:03.225
0 days 00:27:03.216000,24.9,18.0,1010.2,False,30.9,344,0.4,2022,1,2022-03-20 15:27:03.216
0 days 00:27:03.216000,24.9,18.0,1010.2,False,30.9,344,0.4,2022,1,2022-03-20 15:27:03.216
0 days 00:28:03.220000,24.9,18.0,1010.2,False,30.9,0,0.4,2022,1,2022-03-20 15:28:03.220
0 days 00:28:03.220000,24.9,18.0,1010.2,False,30.9,0,0.4,2022,1,2022-03-20 15:28:03.220
0 days 00:29:03.218000,24.9,19.0,1010.2,False,30.9,7,0.5,2022,1,2022-03-20 15:29:03.218
0 days 00:29:03.218000,24.9,19.0,1010.2,False,30.9,7,0.5,2022,1,2022-03-20 15:29:03.218
0 days 00:30:03.220000,24.9,19.0,1010.2,False,30.7,347,0.5,2022,1,2022-03-20 15:30:03.220
0 days 00:30:03.220000,24.9,19.0,1010.2,False,30.7,347,0.5,2022,1,2022-03-20 15:30:03.220
0 days 00:31:03.219000,24.9,19.0,1010.2,False,30.7,351,0.4,2022,1,2022-03-20 15:31:03.219
0 days 00:31:03.219000,24.9,19.0,1010.2,False,30.7,351,0.4,2022,1,2022-03-20 15:31:03.219
0 days 00:32:03.218000,24.9,19.0,1010.2,False,30.7,4,0.4,2022,1,2022-03-20 15:32:03.218
0 days 00:32:03.218000,24.9,19.0,1010.2,False,30.7,4,0.4,2022,1,2022-03-20 15:32:03.218
0 days 00:33:03.233000,24.9,19.0,1010.2,False,30.8,349,0.3,2022,1,2022-03-20 15:33:03.233
0 days 00:33:03.233000,24.9,19.0,1010.2,False,30.8,349,0.3,2022,1,2022-03-20 15:33:03.233
0 days 00:34:03.254000,24.8,19.0,1010.2,False,30.8,341,0.4,2022,1,2022-03-20 15:34:03.254
0 days 00:34:03.254000,24.8,19.0,1010.2,False,30.8,341,0.4,2022,1,2022-03-20 15:34:03.254
0 days 00:35:03.263000,24.8,19.0,1010.2,False,30.5,2,0.4,2022,1,2022-03-20 15:35:03.263
0 days 00:35:03.263000,24.8,19.0,1010.2,False,30.5,2,0.4,2022,1,2022-03-20 15:35:03.263
0 days 00:36:03.262000,24.7,20.0,1010.2,False,30.5,19,0.4,2022,1,2022-03-20 15:36:03.262
0 days 00:36:03.262000,24.7,20.0,1010.2,False,30.5,19,0.4,2022,1,2022-03-20 15:36:03.262
0 days 00:37:03.286000,24.7,20.0,1010.2,False,30.4,20,0.4,2022,1,2022-03-20 15:37:03.286
0 days 00:37:03.286000,24.7,20.0,1010.2,False,30.4,20,0.4,2022,1,2022-03-20 15:37:03.286
0 days 00:38:03.281000,24.7,20.0,1010.2,False,30.4,11,0.3,2022,1,2022-03-20 15:38:03.281
0 days 00:38:03.281000,24.7,20.0,1010.2,False,30.4,11,0.3,2022,1,2022-03-20 15:38:03.281
0 days 00:39:03.296000,24.6,21.0,1010.2,False,30.7,3,0.4,2022,1,2022-03-20 15:39:03.296
0 days 00:39:03.296000,24.6,21.0,1010.2,False,30.7,3,0.4,2022,1,2022-03-20 15:39:03.296
0 days 00:40:03.316000,24.5,21.0,1010.2,False,30.5,11,0.4,2022,1,2022-03-20 15:40:03.316
0 days 00:40:03.316000,24.5,21.0,1010.2,False,30.5,11,0.4,2022,1,2022-03-20 15:40:03.316
0 days 00:41:03.326000,24.5,22.0,1010.2,False,30.5,7,0.4,2022,1,2022-03-20 15:41:03.326
0 days 00:41:03.326000,24.5,22.0,1010.2,False,30.5,7,0.4,2022,1,2022-03-20 15:41:03.326
0 days 00:42:03.331000,24.4,22.0,1010.2,False,30.3,11,0.4,2022,1,2022-03-20 15:42:03.331
0 days 00:42:03.331000,24.4,22.0,1010.2,False,30.3,11,0.4,2022,1,2022-03-20 15:42:03.331
0 days 00:43:03.343000,24.4,22.0,1010.2,False,30.3,11,0.4,2022,1,2022-03-20 15:43:03.343
0 days 00:43:03.343000,24.4,22.0,1010.2,False,30.3,11,0.4,2022,1,2022-03-20 15:43:03.343
0 days 00:44:03.345000,24.4,22.0,1010.2,False,30.3,11,0.6,2022,1,2022-03-20 15:44:03.345
0 days 00:44:03.345000,24.4,22.0,1010.2,False,30.3,11,0.6,2022,1,2022-03-20 15:44:03.345
0 days 00:45:03.346000,24.3,22.0,1010.2,False,30.3,17,0.4,2022,1,2022-03-20 15:45:03.346
0 days 00:45:03.346000,24.3,22.0,1010.2,False,30.3,17,0.4,2022,1,2022-03-20 15:45:03.346
0 days 00:46:03.345000,24.4,23.0,1010.2,False,30.2,24,0.3,2022,1,2022-03-20 15:46:03.345
0 days 00:46:03.345000,24.4,23.0,1010.2,False,30.2,24,0.3,2022,1,2022-03-20 15:46:03.345
0 days 00:47:03.342000,24.3,23.0,1010.2,False,30.2,13,0.6,2022,1,2022-03-20 15:47:03.342
0 days 00:47:03.342000,24.3,23.0,1010.2,False,30.2,13,0.6,2022,1,2022-03-20 15:47:03.342
0 days 00:48:03.344000,24.3,23.0,1010.2,False,30.0,12,0.5,2022,1,2022-03-20 15:48:03.344
0 days 00:48:03.344000,24.3,23.0,1010.2,False,30.0,12,0.5,2022,1,2022-03-20 15:48:03.344
0 days 00:49:03.362000,24.3,23.0,1010.2,False,29.9,14,0.4,2022,1,2022-03-20 15:49:03.362
0 days 00:49:03.362000,24.3,23.0,1010.2,False,29.9,14,0.4,2022,1,2022-03-20 15:49:03.362
0 days 00:50:03.367000,24.2,23.0,1010.2,False,29.8,9,0.5,2022,1,2022-03-20 15:50:03.367
0 days 00:50:03.367000,24.2,23.0,1010.2,False,29.8,9,0.5,2022,1,2022-03-20 15:50:03.367
0 days 00:51:03.358000,24.2,23.0,1010.2,False,29.8,10,0.6,2022,1,2022-03-20 15:51:03.358
0 days 00:51:03.358000,24.2,23.0,1010.2,False,29.8,10,0.6,2022,1,2022-03-20 15:51:03.358
0 days 00:52:03.368000,24.1,23.0,1010.2,False,29.8,17,0.7,2022,1,2022-03-20 15:52:03.368
0 days 00:52:03.368000,24.1,23.0,1010.2,False,29.8,17,0.7,2022,1,2022-03-20 15:52:03.368
0 days 00:53:03.379000,24.1,23.0,1010.2,False,29.6,9,0.5,2022,1,2022-03-20 15:53:03.379
0 days 00:53:03.379000,24.1,23.0,1010.2,False,29.6,9,0.5,2022,1,2022-03-20 15:53:03.379
0 days 00:54:03.384000,24.1,23.0,1010.4,False,29.6,11,0.4,2022,1,2022-03-20 15:54:03.384
0 days 00:54:03.384000,24.1,23.0,1010.4,False,29.6,11,0.4,2022,1,2022-03-20 15:54:03.384
0 days 00:55:03.392000,24.1,22.0,1010.2,False,29.6,17,0.4,2022,1,2022-03-20 15:55:03.392
0 days 00:55:03.392000,24.1,22.0,1010.2,False,29.6,17,0.4,2022,1,2022-03-20 15:55:03.392
0 days 00:56:03.391000,24.1,22.0,1010.4,False,29.6,17,0.8,2022,1,2022-03-20 15:56:03.391
0 days 00:56:03.391000,24.1,22.0,1010.4,False,29.6,17,0.8,2022,1,2022-03-20 15:56:03.391
0 days 00:57:03.392000,24.1,24.0,1010.4,False,29.3,28,0.8,2022,1,2022-03-20 15:57:03.392
0 days 00:57:03.392000,24.1,24.0,1010.4,False,29.3,28,0.8,2022,1,2022-03-20 15:57:03.392
0 days 00:58:03.405000,24.0,24.0,1010.4,False,29.3,19,0.4,2022,1,2022-03-20 15:58:03.405
0 days 00:58:03.405000,24.0,24.0,1010.4,False,29.3,19,0.4,2022,1,2022-03-20 15:58:03.405
0 days 00:59:03.406000,24.0,24.0,1010.2,False,29.4,352,0.3,2022,1,2022-03-20 15:59:03.406
0 days 00:59:03.406000,24.0,24.0,1010.2,False,29.4,352,0.3,2022,1,2022-03-20 15:59:03.406
0 days 01:00:03.444000,24.0,25.0,1010.2,False,29.4,10,0.3,2022,1,2022-03-20 16:00:03.444
0 days 01:00:03.444000,24.0,25.0,1010.2,False,29.4,10,0.3,2022,1,2022-03-20 16:00:03.444
0 days 01:01:03.442000,24.0,25.0,1010.2,False,29.2,4,0.3,2022,1,2022-03-20 16:01:03.442
0 days 01:01:03.442000,24.0,25.0,1010.2,False,29.2,4,0.3,2022,1,2022-03-20 16:01:03.442
0 days 01:02:03.439000,24.0,25.0,1010.2,False,29.1,10,0.5,2022,1,2022-03-20 16:02:03.439
0 days 01:02:03.439000,24.0,25.0,1010.2,False,29.1,10,0.5,2022,1,2022-03-20 16:02:03.439
0 days 01:03:03.464000,23.9,25.0,1010.2,False,29.1,20,0.5,2022,1,2022-03-20 16:03:03.464
0 days 01:03:03.464000,23.9,25.0,1010.2,False,29.1,20,0.5,2022,1,2022-03-20 16:03:03.464
0 days 01:04:03.474000,23.9,26.0,1010.4,False,29.0,13,0.3,2022,1,2022-03-20 16:04:03.474
0 days 01:04:03.474000,23.9,26.0,1010.4,False,29.0,13,0.3,2022,1,2022-03-20 16:04:03.474
0 days 01:05:03.470000,23.8,26.0,1010.4,False,29.0,357,0.5,2022,1,2022-03-20 16:05:03.470
0 days 01:05:03.470000,23.8,26.0,1010.4,False,29.0,357,0.5,2022,1,2022-03-20 16:05:03.470
0 days 01:06:03.471000,23.8,27.0,1010.4,False,29.0,12,0.5,2022,1,2022-03-20 16:06:03.471
0 days 01:06:03.471000,23.8,27.0,1010.4,False,29.0,12,0.5,2022,1,2022-03-20 16:06:03.471
0 days 01:07:03.468000,23.8,29.0,1010.2,False,28.8,13,0.4,2022,1,2022-03-20 16:07:03.468
0 days 01:07:03.468000,23.8,29.0,1010.2,False,28.8,13,0.4,2022,1,2022-03-20 16:07:03.468
0 days 01:08:03.471000,23.8,29.0,1010.4,False,28.7,12,0.4,2022,1,2022-03-20 16:08:03.471
0 days 01:08:03.471000,23.8,29.0,1010.4,False,28.7,12,0.4,2022,1,2022-03-20 16:08:03.471
0 days 01:09:03.470000,23.8,31.0,1010.4,False,28.7,50,0.3,2022,1,2022-03-20 16:09:03.470
0 days 01:09:03.470000,23.8,31.0,1010.4,False,28.7,50,0.3,2022,1,2022-03-20 16:09:03.470
0 days 01:10:03.471000,23.8,33.0,1010.4,False,28.5,316,0.4,2022,1,2022-03-20 16:10:03.471
0 days 01:10:03.471000,23.8,33.0,1010.4,False,28.5,316,0.4,2022,1,2022-03-20 16:10:03.471
0 days 01:11:03.469000,23.7,33.0,1010.4,False,28.3,314,0.2,2022,1,2022-03-20 16:11:03.469
0 days 01:11:03.469000,23.7,33.0,1010.4,False,28.3,314,0.2,2022,1,2022-03-20 16:11:03.469
0 days 01:12:03.485000,23.6,34.0,1010.4,False,28.3,12,0.2,2022,1,2022-03-20 16:12:03.485
0 days 01:12:03.485000,23.6,34.0,1010.4,False,28.3,12,0.2,2022,1,2022-03-20 16:12:03.485
0 days 01:13:03.484000,23.6,34.0,1010.4,False,28.3,37,0.1,2022,1,2022-03-20 16:13:03.484
0 days 01:13:03.484000,23.6,34.0,1010.4,False,28.3,37,0.1,2022,1,2022-03-20 16:13:03.484
0 days 01:14:03.470000,23.6,35.0,1010.4,False,28.3,354,0.3,2022,1,2022-03-20 16:14:03.470
0 days 01:14:03.470000,23.6,35.0,1010.4,False,28.3,354,0.3,2022,1,2022-03-20 16:14:03.470
0 days 01:15:03.469000,23.5,35.0,1010.4,False,28.1,204,0.3,2022,1,2022-03-20 16:15:03.469
0 days 01:15:03.469000,23.5,35.0,1010.4,False,28.1,204,0.3,2022,1,2022-03-20 16:15:03.469
0 days 01:16:03.471000,23.5,36.0,1010.4,False,28.1,339,0.1,2022,1,2022-03-20 16:16:03.471
0 days 01:16:03.471000,23.5,36.0,1010.4,False,28.1,339,0.1,2022,1,2022-03-20 16:16:03.471
0 days 01:17:03.472000,23.4,36.0,1010.4,False,28.0,26,0.2,2022,1,2022-03-20 16:17:03.472
0 days 01:17:03.472000,23.4,36.0,1010.4,False,28.0,26,0.2,2022,1,2022-03-20 16:17:03.472
0 days 01:18:03.471000,23.3,36.0,1010.2,False,28.0,50,0.2,2022,1,2022-03-20 16:18:03.471
0 days 01:18:03.471000,23.3,36.0,1010.2,False,28.0,50,0.2,2022,1,2022-03-20 16:18:03.471
0 days 01:19:03.491000,23.3,36.0,1010.4,False,28.0,357,0.1,2022,1,2022-03-20 16:19:03.491
0 days 01:19:03.491000,23.3,36.0,1010.4,False,28.0,357,0.1,2022,1,2022-03-20 16:19:03.491
0 days 01:20:03.485000,23.3,36.0,1010.4,False,28.0,36,0.2,2022,1,2022-03-20 16:20:03.485
0 days 01:20:03.485000,23.3,36.0,1010.4,False,28.0,36,0.2,2022,1,2022-03-20 16:20:03.485
0 days 01:21:03.501000,23.3,37.0,1010.4,False,27.9,258,0.1,2022,1,2022-03-20 16:21:03.501
0 days 01:21:03.501000,23.3,37.0,1010.4,False,27.9,258,0.1,2022,1,2022-03-20 16:21:03.501
0 days 01:22:03.519000,23.2,37.0,1010.4,False,27.9,309,0.2,2022,1,2022-03-20 16:22:03.519
0 days 01:22:03.519000,23.2,37.0,1010.4,False,27.9,309,0.2,2022,1,2022-03-20 16:22:03.519
0 days 01:23:03.516000,23.1,37.0,1010.4,False,27.8,242,0.2,2022,1,2022-03-20 16:23:03.516
0 days 01:23:03.516000,23.1,37.0,1010.4,False,27.8,242,0.2,2022,1,2022-03-20 16:23:03.516
0 days 01:24:03.523000,23.1,37.0,1010.5,False,27.8,8,0.1,2022,1,2022-03-20 16:24:03.523
0 days 01:24:03.523000,23.1,37.0,1010.5,False,27.8,8,0.1,2022,1,2022-03-20 16:24:03.523
0 days 01:25:03.531000,23.1,38.0,1010.4,False,27.8,27,0.1,2022,1,2022-03-20 16:25:03.531
0 days 01:25:03.531000,23.1,38.0,1010.4,False,27.8,27,0.1,2022,1,2022-03-20 16:25:03.531
0 days 01:26:03.548000,23.2,38.0,1010.5,False,27.8,31,0.2,2022,1,2022-03-20 16:26:03.548
0 days 01:26:03.548000,23.2,38.0,1010.5,False,27.8,31,0.2,2022,1,2022-03-20 16:26:03.548
0 days 01:27:03.564000,23.1,38.0,1010.5,False,27.7,20,0.2,2022,1,2022-03-20 16:27:03.564
0 days 01:27:03.564000,23.1,38.0,1010.5,False,27.7,20,0.2,2022,1,2022-03-20 16:27:03.564
0 days 01:28:03.563000,23.1,38.0,1010.5,False,27.7,54,0.2,2022,1,2022-03-20 16:28:03.563
0 days 01:28:03.563000,23.1,38.0,1010.5,False,27.7,54,0.2,2022,1,2022-03-20 16:28:03.563
0 days 01:29:03.566000,23.0,38.0,1010.4,False,27.7,148,0.3,2022,1,2022-03-20 16:29:03.566
0 days 01:29:03.566000,23.0,38.0,1010.4,False,27.7,148,0.3,2022,1,2022-03-20 16:29:03.566
0 days 01:30:03.563000,23.0,38.0,1010.5,False,27.8,65,0.1,2022,1,2022-03-20 16:30:03.563
0 days 01:30:03.563000,23.0,38.0,1010.5,False,27.8,65,0.1,2022,1,2022-03-20 16:30:03.563
0 days 01:31:03.570000,22.9,38.0,1010.5,False,27.8,1,0.2,2022,1,2022-03-20 16:31:03.570
0 days 01:31:03.570000,22.9,38.0,1010.5,False,27.8,1,0.2,2022,1,2022-03-20 16:31:03.570
0 days 01:32:03.579000,22.9,38.0,1010.5,False,27.9,24,0.3,2022,1,2022-03-20 16:32:03.579
0 days 01:32:03.579000,22.9,38.0,1010.5,False,27.9,24,0.3,2022,1,2022-03-20 16:32:03.579
0 days 01:33:03.595000,22.8,38.0,1010.5,False,27.9,69,0.3,2022,1,2022-03-20 16:33:03.595
0 days 01:33:03.595000,22.8,38.0,1010.5,False,27.9,69,0.3,2022,1,2022-03-20 16:33:03.595
0 days 01:34:03.594000,22.8,37.0,1010.2,False,27.7,45,0.2,2022,1,2022-03-20 16:34:03.594
0 days 01:34:03.594000,22.8,37.0,1010.2,False,27.7,45,0.2,2022,1,2022-03-20 16:34:03.594
0 days 01:35:03.583000,22.7,38.0,1010.4,False,27.7,78,0.4,2022,1,2022-03-20 16:35:03.583
0 days 01:35:03.583000,22.7,38.0,1010.4,False,27.7,78,0.4,2022,1,2022-03-20 16:35:03.583
0 days 01:36:03.595000,22.7,37.0,1010.5,False,27.6,16,0.4,2022,1,2022-03-20 16:36:03.595
0 days 01:36:03.595000,22.7,37.0,1010.5,False,27.6,16,0.4,2022,1,2022-03-20 16:36:03.595
0 days 01:37:03.599000,22.8,37.0,1010.4,False,27.6,29,0.3,2022,1,2022-03-20 16:37:03.599
0 days 01:37:03.599000,22.8,37.0,1010.4,False,27.6,29,0.3,2022,1,2022-03-20 16:37:03.599
0 days 01:38:03.595000,22.8,37.0,1010.4,False,27.5,18,0.3,2022,1,2022-03-20 16:38:03.595
0 days 01:38:03.595000,22.8,37.0,1010.4,False,27.5,18,0.3,2022,1,2022-03-20 16:38:03.595
0 days 01:39:03.596000,22.8,37.0,1010.4,False,27.5,0,0.4,2022,1,2022-03-20 16:39:03.596
0 days 01:39:03.596000,22.8,37.0,1010.4,False,27.5,0,0.4,2022,1,2022-03-20 16:39:03.596
0 days 01:40:03.595000,22.8,36.0,1010.5,False,27.5,7,0.3,2022,1,2022-03-20 16:40:03.595
0 days 01:40:03.595000,22.8,36.0,1010.5,False,27.5,7,0.3,2022,1,2022-03-20 16:40:03.595
0 days 01:41:03.596000,22.8,36.0,1010.5,False,27.5,40,0.2,2022,1,2022-03-20 16:41:03.596
0 days 01:41:03.596000,22.8,36.0,1010.5,False,27.5,40,0.2,2022,1,2022-03-20 16:41:03.596
0 days 01:42:03.594000,22.8,36.0,1010.4,False,27.5,48,0.4,2022,1,2022-03-20 16:42:03.594
0 days 01:42:03.594000,22.8,36.0,1010.4,False,27.5,48,0.4,2022,1,2022-03-20 16:42:03.594
0 days 01:43:03.598000,22.8,36.0,1010.5,False,27.4,0,0.2,2022,1,2022-03-20 16:43:03.598
0 days 01:43:03.598000,22.8,36.0,1010.5,False,27.4,0,0.2,2022,1,2022-03-20 16:43:03.598
0 days 01:44:03.598000,22.8,36.0,1010.5,False,27.4,22,0.1,2022,1,2022-03-20 16:44:03.598
0 days 01:44:03.598000,22.8,36.0,1010.5,False,27.4,22,0.1,2022,1,2022-03-20 16:44:03.598
0 days 01:45:03.595000,22.8,35.0,1010.5,False,27.5,19,0.2,2022,1,2022-03-20 16:45:03.595
0 days 01:45:03.595000,22.8,35.0,1010.5,False,27.5,19,0.2,2022,1,2022-03-20 16:45:03.595
0 days 01:46:03.594000,22.8,36.0,1010.5,False,27.4,11,0.3,2022,1,2022-03-20 16:46:03.594
0 days 01:46:03.594000,22.8,36.0,1010.5,False,27.4,11,0.3,2022,1,2022-03-20 16:46:03.594
0 days 01:47:03.593000,22.8,36.0,1010.4,False,27.4,66,0.2,2022,1,2022-03-20 16:47:03.593
0 days 01:47:03.593000,22.8,36.0,1010.4,False,27.4,66,0.2,2022,1,2022-03-20 16:47:03.593
0 days 01:48:03.595000,22.8,36.0,1010.5,False,27.4,277,0.3,2022,1,2022-03-20 16:48:03.595
0 days 01:48:03.595000,22.8,36.0,1010.5,False,27.4,277,0.3,2022,1,2022-03-20 16:48:03.595
0 days 01:49:03.599000,22.9,36.0,1010.5,False,27.4,277,0.3,2022,1,2022-03-20 16:49:03.599
0 days 01:49:03.599000,22.9,36.0,1010.5,False,27.4,277,0.3,2022,1,2022-03-20 16:49:03.599
0 days 01:50:03.596000,22.9,36.0,1010.4,False,27.3,97,0.1,2022,1,2022-03-20 16:50:03.596
0 days 01:50:03.596000,22.9,36.0,1010.4,False,27.3,97,0.1,2022,1,2022-03-20 16:50:03.596
0 days 01:51:03.616000,22.9,36.0,1010.4,False,27.3,6,0.2,2022,1,2022-03-20 16:51:03.616
0 days 01:51:03.616000,22.9,36.0,1010.4,False,27.3,6,0.2,2022,1,2022-03-20 16:51:03.616
0 days 01:52:03.626000,22.9,36.0,1010.4,False,27.3,288,0.1,2022,1,2022-03-20 16:52:03.626
0 days 01:52:03.626000,22.9,36.0,1010.4,False,27.3,288,0.1,2022,1,2022-03-20 16:52:03.626
0 days 01:53:03.644000,22.9,36.0,1010.4,False,27.1,0,0.2,2022,1,2022-03-20 16:53:03.644
0 days 01:53:03.644000,22.9,36.0,1010.4,False,27.1,0,0.2,2022,1,2022-03-20 16:53:03.644
0 days 01:54:03.642000,22.8,36.0,1010.5,False,27.2,3,0.1,2022,1,2022-03-20 16:54:03.642
0 days 01:54:03.642000,22.8,36.0,1010.5,False,27.2,3,0.1,2022,1,2022-03-20 16:54:03.642
0 days 01:55:03.660000,22.8,36.0,1010.5,False,27.3,57,0.1,2022,1,2022-03-20 16:55:03.660
0 days 01:55:03.660000,22.8,36.0,1010.5,False,27.3,57,0.1,2022,1,2022-03-20 16:55:03.660
0 days 01:56:03.671000,22.8,36.0,1010.5,False,27.2,9,0.1,2022,1,2022-03-20 16:56:03.671
0 days 01:56:03.671000,22.8,36.0,1010.5,False,27.2,9,0.1,2022,1,2022-03-20 16:56:03.671
0 days 01:57:03.690000,22.8,36.0,1010.5,False,27.2,15,0.2,2022,1,2022-03-20 16:57:03.690
0 days 01:57:03.690000,22.8,36.0,1010.5,False,27.2,15,0.2,2022,1,2022-03-20 16:57:03.690
0 days 01:58:03.686000,22.8,36.0,1010.5,False,27.1,317,0.0,2022,1,2022-03-20 16:58:03.686
0 days 01:58:03.686000,22.8,36.0,1010.5,False,27.1,317,0.0,2022,1,2022-03-20 16:58:03.686
0 days 01:59:03.691000,22.8,36.0,1010.5,False,27.1,0,0.2,2022,1,2022-03-20 16:59:03.691
0 days 01:59:03.691000,22.8,36.0,1010.5,False,27.1,0,0.2,2022,1,2022-03-20 16:59:03.691
0 days 02:00:03.689000,22.7,36.0,1010.5,False,27.0,50,0.0,2022,1,2022-03-20 17:00:03.689
0 days 02:00:03.689000,22.7,36.0,1010.5,False,27.0,50,0.0,2022,1,2022-03-20 17:00:03.689
0 days 02:01:03.704000,22.7,36.0,1010.5,False,27.0,239,0.0,2022,1,2022-03-20 17:01:03.704
0 days 02:01:03.704000,22.7,36.0,1010.5,False,27.0,239,0.0,2022,1,2022-03-20 17:01:03.704
0 days 02:02:03.724000,22.8,36.0,1010.5,False,27.0,205,0.1,2022,1,2022-03-20 17:02:03.724
0 days 02:02:03.724000,22.8,36.0,1010.5,False,27.0,205,0.1,2022,1,2022-03-20 17:02:03.724
0 days 02:03:03.720000,22.8,36.0,1010.5,False,27.1,49,0.1,2022,1,2022-03-20 17:03:03.720
0 days 02:03:03.720000,22.8,36.0,1010.5,False,27.1,49,0.1,2022,1,2022-03-20 17:03:03.720
0 days 02:04:03.723000,22.8,36.0,1010.5,False,27.1,317,0.2,2022,1,2022-03-20 17:04:03.723
0 days 02:04:03.723000,22.8,36.0,1010.5,False,27.1,317,0.2,2022,1,2022-03-20 17:04:03.723
0 days 02:05:03.718000,22.8,35.0,1010.7,False,27.0,53,0.2,2022,1,2022-03-20 17:05:03.718
0 days 02:05:03.718000,22.8,35.0,1010.7,False,27.0,53,0.2,2022,1,2022-03-20 17:05:03.718
0 days 02:06:03.719000,22.8,35.0,1010.7,False,27.0,54,0.1,2022,1,2022-03-20 17:06:03.719
0 days 02:06:03.719000,22.8,35.0,1010.7,False,27.0,54,0.1,2022,1,2022-03-20 17:06:03.719
0 days 02:07:03.724000,22.8,35.0,1010.5,False,27.0,62,0.1,2022,1,2022-03-20 17:07:03.724
0 days 02:07:03.724000,22.8,35.0,1010.5,False,27.0,62,0.1,2022,1,2022-03-20 17:07:03.724
0 days 02:08:03.720000,22.7,36.0,1010.5,False,26.9,7,0.1,2022,1,2022-03-20 17:08:03.720
0 days 02:08:03.720000,22.7,36.0,1010.5,False,26.9,7,0.1,2022,1,2022-03-20 17:08:03.720
0 days 02:09:03.721000,22.7,36.0,1010.5,False,26.8,40,0.1,2022,1,2022-03-20 17:09:03.721
0 days 02:09:03.721000,22.7,36.0,1010.5,False,26.8,40,0.1,2022,1,2022-03-20 17:09:03.721
0 days 02:10:03.720000,22.7,36.0,1010.5,False,26.8,183,0.2,2022,1,2022-03-20 17:10:03.720
0 days 02:10:03.720000,22.7,36.0,1010.5,False,26.8,183,0.2,2022,1,2022-03-20 17:10:03.720
0 days 02:11:03.723000,22.7,36.0,1010.5,False,26.9,164,0.2,2022,1,2022-03-20 17:11:03.723
0 days 02:11:03.723000,22.7,36.0,1010.5,False,26.9,164,0.2,2022,1,2022-03-20 17:11:03.723
0 days 02:12:03.722000,22.7,36.0,1010.5,False,26.9,195,0.1,2022,1,2022-03-20 17:12:03.722
0 days 02:12:03.722000,22.7,36.0,1010.5,False,26.9,195,0.1,2022,1,2022-03-20 17:12:03.722
0 days 02:13:03.721000,22.7,36.0,1010.5,False,27.0,186,0.1,2022,1,2022-03-20 17:13:03.721
0 days 02:13:03.721000,22.7,36.0,1010.5,False,27.0,186,0.1,2022,1,2022-03-20 17:13:03.721
0 days 02:14:03.731000,22.7,36.0,1010.5,False,26.9,0,0.3,2022,1,2022-03-20 17:14:03.731
0 days 02:14:03.731000,22.7,36.0,1010.5,False,26.9,0,0.3,2022,1,2022-03-20 17:14:03.731
0 days 02:15:03.721000,22.7,36.0,1010.5,False,26.7,0,0.2,2022,1,2022-03-20 17:15:03.721
0 days 02:15:03.721000,22.7,36.0,1010.5,False,26.7,0,0.2,2022,1,2022-03-20 17:15:03.721
0 days 02:16:03.738000,22.7,36.0,1010.5,False,26.7,247,0.2,2022,1,2022-03-20 17:16:03.738
0 days 02:16:03.738000,22.7,36.0,1010.5,False,26.7,247,0.2,2022,1,2022-03-20 17:16:03.738
0 days 02:17:03.726000,22.7,36.0,1010.5,False,26.7,56,0.1,2022,1,2022-03-20 17:17:03.726
0 days 02:17:03.726000,22.7,36.0,1010.5,False,26.7,56,0.1,2022,1,2022-03-20 17:17:03.726
0 days 02:18:03.721000,22.7,36.0,1010.5,False,26.7,0,0.1,2022,1,2022-03-20 17:18:03.721
0 days 02:18:03.721000,22.7,36.0,1010.5,False,26.7,0,0.1,2022,1,2022-03-20 17:18:03.721
0 days 02:19:03.721000,22.7,36.0,1010.5,False,26.6,264,0.1,2022,1,2022-03-20 17:19:03.721
0 days 02:19:03.721000,22.7,36.0,1010.5,False,26.6,264,0.1,2022,1,2022-03-20 17:19:03.721
0 days 02:20:03.725000,22.7,37.0,1010.5,False,26.6,359,0.1,2022,1,2022-03-20 17:20:03.725
0 days 02:20:03.725000,22.7,37.0,1010.5,False,26.6,359,0.1,2022,1,2022-03-20 17:20:03.725
0 days 02:21:03.753000,22.7,36.0,1010.5,False,26.6,345,0.1,2022,1,2022-03-20 17:21:03.753
0 days 02:21:03.753000,22.7,36.0,1010.5,False,26.6,345,0.1,2022,1,2022-03-20 17:21:03.753
0 days 02:22:03.718000,22.6,36.0,1010.5,False,26.6,3,0.2,2022,1,2022-03-20 17:22:03.718
0 days 02:22:03.718000,22.6,36.0,1010.5,False,26.6,3,0.2,2022,1,2022-03-20 17:22:03.718
0 days 02:23:03.728000,22.6,36.0,1010.5,False,26.5,352,0.1,2022,1,2022-03-20 17:23:03.728
0 days 02:23:03.728000,22.6,36.0,1010.5,False,26.5,352,0.1,2022,1,2022-03-20 17:23:03.728
0 days 02:24:03.727000,22.5,36.0,1010.5,False,26.5,21,0.2,2022,1,2022-03-20 17:24:03.727
0 days 02:24:03.727000,22.5,36.0,1010.5,False,26.5,21,0.2,2022,1,2022-03-20 17:24:03.727
0 days 02:25:03.720000,22.5,36.0,1010.7,False,26.5,354,0.2,2022,1,2022-03-20 17:25:03.720
0 days 02:25:03.720000,22.5,36.0,1010.7,False,26.5,354,0.2,2022,1,2022-03-20 17:25:03.720
0 days 02:26:03.722000,22.4,36.0,1010.7,False,26.4,321,0.2,2022,1,2022-03-20 17:26:03.722
0 days 02:26:03.722000,22.4,36.0,1010.7,False,26.4,321,0.2,2022,1,2022-03-20 17:26:03.722
0 days 02:27:03.736000,22.4,36.0,1010.7,False,26.4,320,0.2,2022,1,2022-03-20 17:27:03.736
0 days 02:27:03.736000,22.4,36.0,1010.7,False,26.4,320,0.2,2022,1,2022-03-20 17:27:03.736
0 days 02:28:03.724000,22.4,36.0,1010.7,False,26.4,359,0.1,2022,1,2022-03-20 17:28:03.724
0 days 02:28:03.724000,22.4,36.0,1010.7,False,26.4,359,0.1,2022,1,2022-03-20 17:28:03.724
0 days 02:29:03.718000,22.4,36.0,1010.7,False,26.5,300,0.1,2022,1,2022-03-20 17:29:03.718
0 days 02:29:03.718000,22.4,36.0,1010.7,False,26.5,300,0.1,2022,1,2022-03-20 17:29:03.718
0 days 02:30:03.723000,22.4,36.0,1010.7,False,26.5,261,0.1,2022,1,2022-03-20 17:30:03.723
0 days 02:30:03.723000,22.4,36.0,1010.7,False,26.5,261,0.1,2022,1,2022-03-20 17:30:03.723
0 days 02:31:03.724000,22.4,37.0,1010.7,False,26.5,0,0.0,2022,1,2022-03-20 17:31:03.724
0 days 02:31:03.724000,22.4,37.0,1010.7,False,26.5,0,0.0,2022,1,2022-03-20 17:31:03.724
0 days 02:32:03.721000,22.4,36.0,1010.7,False,26.3,29,0.2,2022,1,2022-03-20 17:32:03.721
0 days 02:32:03.721000,22.4,36.0,1010.7,False,26.3,29,0.2,2022,1,2022-03-20 17:32:03.721
0 days 02:33:03.720000,22.4,35.0,1010.7,False,26.4,39,0.1,2022,1,2022-03-20 17:33:03.720
0 days 02:33:03.720000,22.4,35.0,1010.7,False,26.4,39,0.1,2022,1,2022-03-20 17:33:03.720
0 days 02:34:03.729000,22.4,36.0,1010.7,False,26.5,329,0.1,2022,1,2022-03-20 17:34:03.729
0 days 02:34:03.729000,22.4,36.0,1010.7,False,26.5,329,0.1,2022,1,2022-03-20 17:34:03.729
0 days 02:35:03.720000,22.4,36.0,1010.7,False,26.3,186,0.1,2022,1,2022-03-20 17:35:03.720
0 days 02:35:03.720000,22.4,36.0,1010.7,False,26.3,186,0.1,2022,1,2022-03-20 17:35:03.720
0 days 02:36:03.720000,22.4,36.0,1010.7,False,26.3,354,0.3,2022,1,2022-03-20 17:36:03.720
0 days 02:36:03.720000,22.4,36.0,1010.7,False,26.3,354,0.3,2022,1,2022-03-20 17:36:03.720
0 days 02:37:04.457000,22.4,35.0,1010.7,False,26.3,353,0.2,2022,1,2022-03-20 17:37:04.457
0 days 02:37:04.457000,22.4,35.0,1010.7,False,26.3,353,0.2,2022,1,2022-03-20 17:37:04.457
0 days 02:38:03.734000,22.3,36.0,1010.7,False,26.3,205,0.2,2022,1,2022-03-20 17:38:03.734
0 days 02:38:03.734000,22.3,36.0,1010.7,False,26.3,205,0.2,2022,1,2022-03-20 17:38:03.734
0 days 02:39:03.722000,22.4,36.0,1010.7,False,26.3,243,0.3,2022,1,2022-03-20 17:39:03.722
0 days 02:39:03.722000,22.4,36.0,1010.7,False,26.3,243,0.3,2022,1,2022-03-20 17:39:03.722
0 days 02:40:03.752000,22.3,36.0,1010.7,False,26.3,203,0.2,2022,1,2022-03-20 17:40:03.752
0 days 02:40:03.752000,22.3,36.0,1010.7,False,26.3,203,0.2,2022,1,2022-03-20 17:40:03.752
0 days 02:41:03.740000,22.3,35.0,1010.7,False,26.3,225,0.1,2022,1,2022-03-20 17:41:03.740
0 days 02:41:03.740000,22.3,35.0,1010.7,False,26.3,225,0.1,2022,1,2022-03-20 17:41:03.740
0 days 02:42:03.720000,22.3,35.0,1010.7,False,26.3,232,0.3,2022,1,2022-03-20 17:42:03.720
0 days 02:42:03.720000,22.3,35.0,1010.7,False,26.3,232,0.3,2022,1,2022-03-20 17:42:03.720
0 days 02:43:03.726000,22.3,34.0,1010.7,False,26.3,166,0.2,2022,1,2022-03-20 17:43:03.726
0 days 02:43:03.726000,22.3,34.0,1010.7,False,26.3,166,0.2,2022,1,2022-03-20 17:43:03.726
0 days 00:01:01.220000,25.3,64.0,1012.0,False,29.6,350,2.5,2022,2,2022-03-27 17:01:01.220
0 days 00:01:01.220000,25.3,64.0,1012.0,False,29.6,350,2.5,2022,2,2022-03-27 17:01:01.220
0 days 00:02:01.235000,25.3,65.0,1012.0,False,29.6,337,3.2,2022,2,2022-03-27 17:02:01.235
0 days 00:02:01.235000,25.3,65.0,1012.0,False,29.6,337,3.2,2022,2,2022-03-27 17:02:01.235
0 days 00:03:01.220000,25.3,65.0,1012.0,False,29.6,349,2.5,2022,2,2022-03-27 17:03:01.220
0 days 00:03:01.220000,25.3,65.0,1012.0,False,29.6,349,2.5,2022,2,2022-03-27 17:03:01.220
0 days 00:04:01.222000,25.3,64.0,1012.0,False,29.7,338,3.0,2022,2,2022-03-27 17:04:01.222
0 days 00:04:01.222000,25.3,64.0,1012.0,False,29.7,338,3.0,2022,2,2022-03-27 17:04:01.222
0 days 00:05:01.223000,25.3,64.0,1012.0,False,29.8,354,3.0,2022,2,2022-03-27 17:05:01.223
0 days 00:05:01.223000,25.3,64.0,1012.0,False,29.8,354,3.0,2022,2,2022-03-27 17:05:01.223
0 days 00:06:01.221000,25.3,65.0,1012.0,False,29.8,347,2.7,2022,2,2022-03-27 17:06:01.221
0 days 00:06:01.221000,25.3,65.0,1012.0,False,29.8,347,2.7,2022,2,2022-03-27 17:06:01.221
0 days 00:07:01.231000,25.3,64.0,1012.0,False,29.4,326,1.7,2022,2,2022-03-27 17:07:01.231
0 days 00:07:01.231000,25.3,64.0,1012.0,False,29.4,326,1.7,2022,2,2022-03-27 17:07:01.231
0 days 00:08:01.222000,25.3,64.0,1012.0,False,29.7,333,2.2,2022,2,2022-03-27 17:08:01.222
0 days 00:08:01.222000,25.3,64.0,1012.0,False,29.7,333,2.2,2022,2,2022-03-27 17:08:01.222
0 days 00:09:01.223000,25.4,64.0,1012.0,False,29.7,338,2.5,2022,2,2022-03-27 17:09:01.223
0 days 00:09:01.223000,25.4,64.0,1012.0,False,29.7,338,2.5,2022,2,2022-03-27 17:09:01.223
0 days 00:10:01.222000,25.4,64.0,1012.2,False,29.7,6,2.5,2022,2,2022-03-27 17:10:01.222
0 days 00:10:01.222000,25.4,64.0,1012.2,False,29.7,6,2.5,2022,2,2022-03-27 17:10:01.222
0 days 00:11:01.223000,25.4,64.0,1012.2,False,29.8,324,2.2,2022,2,2022-03-27 17:11:01.223
0 days 00:11:01.223000,25.4,64.0,1012.2,False,29.8,324,2.2,2022,2,2022-03-27 17:11:01.223
0 days 00:12:01.278000,25.4,65.0,1012.2,False,29.8,344,2.0,2022,2,2022-03-27 17:12:01.278
0 days 00:12:01.278000,25.4,65.0,1012.2,False,29.8,344,2.0,2022,2,2022-03-27 17:12:01.278
0 days 00:13:01.261000,25.4,64.0,1012.0,False,29.8,341,3.0,2022,2,2022-03-27 17:13:01.261
0 days 00:13:01.261000,25.4,64.0,1012.0,False,29.8,341,3.0,2022,2,2022-03-27 17:13:01.261
0 days 00:14:01.307000,25.3,64.0,1012.2,False,29.6,0,3.0,2022,2,2022-03-27 17:14:01.307
0 days 00:14:01.307000,25.3,64.0,1012.2,False,29.6,0,3.0,2022,2,2022-03-27 17:14:01.307
0 days 00:15:01.273000,25.3,64.0,1012.2,False,29.3,330,2.5,2022,2,2022-03-27 17:15:01.273
0 days 00:15:01.273000,25.3,64.0,1012.2,False,29.3,330,2.5,2022,2,2022-03-27 17:15:01.273
0 days 00:16:01.269000,25.3,64.0,1012.2,False,29.6,348,2.5,2022,2,2022-03-27 17:16:01.269
0 days 00:16:01.269000,25.3,64.0,1012.2,False,29.6,348,2.5,2022,2,2022-03-27 17:16:01.269
0 days 00:17:01.269000,25.3,64.0,1012.4,False,29.5,355,2.7,2022,2,2022-03-27 17:17:01.269
0 days 00:17:01.269000,25.3,64.0,1012.4,False,29.5,355,2.7,2022,2,2022-03-27 17:17:01.269
0 days 00:18:01.268000,25.3,64.0,1012.4,False,29.4,339,2.9,2022,2,2022-03-27 17:18:01.268
0 days 00:18:01.268000,25.3,64.0,1012.4,False,29.4,339,2.9,2022,2,2022-03-27 17:18:01.268
0 days 00:19:01.269000,25.3,64.0,1012.2,False,29.5,342,2.2,2022,2,2022-03-27 17:19:01.269
0 days 00:19:01.269000,25.3,64.0,1012.2,False,29.5,342,2.2,2022,2,2022-03-27 17:19:01.269
0 days 00:20:01.271000,25.3,63.0,1012.4,False,29.5,344,2.7,2022,2,2022-03-27 17:20:01.271
0 days 00:20:01.271000,25.3,63.0,1012.4,False,29.5,344,2.7,2022,2,2022-03-27 17:20:01.271
0 days 00:21:01.270000,25.3,63.0,1012.2,False,29.5,357,2.9,2022,2,2022-03-27 17:21:01.270
0 days 00:21:01.270000,25.3,63.0,1012.2,False,29.5,357,2.9,2022,2,2022-03-27 17:21:01.270
0 days 00:22:01.284000,25.3,63.0,1012.2,False,29.3,3,2.5,2022,2,2022-03-27 17:22:01.284
0 days 00:22:01.284000,25.3,63.0,1012.2,False,29.3,3,2.5,2022,2,2022-03-27 17:22:01.284
0 days 00:23:01.300000,25.3,63.0,1012.4,False,29.3,346,2.5,2022,2,2022-03-27 17:23:01.300
0 days 00:23:01.300000,25.3,63.0,1012.4,False,29.3,346,2.5,2022,2,2022-03-27 17:23:01.300
0 days 00:24:01.285000,25.5,62.0,1012.4,False,29.3,340,2.7,2022,2,2022-03-27 17:24:01.285
0 days 00:24:01.285000,25.5,62.0,1012.4,False,29.3,340,2.7,2022,2,2022-03-27 17:24:01.285
0 days 00:25:01.287000,25.5,62.0,1012.4,False,29.6,323,3.4,2022,2,2022-03-27 17:25:01.287
0 days 00:25:01.287000,25.5,62.0,1012.4,False,29.6,323,3.4,2022,2,2022-03-27 17:25:01.287
0 days 00:26:01.285000,25.6,62.0,1012.2,False,29.5,351,2.5,2022,2,2022-03-27 17:26:01.285
0 days 00:26:01.285000,25.6,62.0,1012.2,False,29.5,351,2.5,2022,2,2022-03-27 17:26:01.285
0 days 00:27:01.285000,25.6,61.0,1012.5,False,29.6,329,2.7,2022,2,2022-03-27 17:27:01.285
0 days 00:27:01.285000,25.6,61.0,1012.5,False,29.6,329,2.7,2022,2,2022-03-27 17:27:01.285
0 days 00:28:01.287000,25.6,61.0,1012.4,False,29.4,347,3.5,2022,2,2022-03-27 17:28:01.287
0 days 00:28:01.287000,25.6,61.0,1012.4,False,29.4,347,3.5,2022,2,2022-03-27 17:28:01.287
0 days 00:29:01.283000,25.6,61.0,1012.4,False,29.3,346,2.9,2022,2,2022-03-27 17:29:01.283
0 days 00:29:01.283000,25.6,61.0,1012.4,False,29.3,346,2.9,2022,2,2022-03-27 17:29:01.283
0 days 00:30:01.303000,25.5,61.0,1012.4,False,29.1,337,3.0,2022,2,2022-03-27 17:30:01.303
0 days 00:30:01.303000,25.5,61.0,1012.4,False,29.1,337,3.0,2022,2,2022-03-27 17:30:01.303
0 days 00:31:01.310000,25.5,61.0,1012.4,False,29.1,337,3.0,2022,2,2022-03-27 17:31:01.310
0 days 00:31:01.310000,25.5,61.0,1012.4,False,29.1,337,3.0,2022,2,2022-03-27 17:31:01.310
0 days 00:32:01.309000,25.4,60.0,1012.4,False,29.6,347,2.7,2022,2,2022-03-27 17:32:01.309
0 days 00:32:01.309000,25.4,60.0,1012.4,False,29.6,347,2.7,2022,2,2022-03-27 17:32:01.309
0 days 00:33:01.311000,25.4,60.0,1012.5,False,29.3,358,3.2,2022,2,2022-03-27 17:33:01.311
0 days 00:33:01.311000,25.4,60.0,1012.5,False,29.3,358,3.2,2022,2,2022-03-27 17:33:01.311
0 days 00:34:01.319000,25.5,61.0,1012.4,False,29.3,357,3.2,2022,2,2022-03-27 17:34:01.319
0 days 00:34:01.319000,25.5,61.0,1012.4,False,29.3,357,3.2,2022,2,2022-03-27 17:34:01.319
0 days 00:35:01.317000,25.4,61.0,1012.5,False,29.3,351,3.7,2022,2,2022-03-27 17:35:01.317
0 days 00:35:01.317000,25.4,61.0,1012.5,False,29.3,351,3.7,2022,2,2022-03-27 17:35:01.317
0 days 00:36:01.316000,25.4,61.0,1012.5,False,29.0,347,3.4,2022,2,2022-03-27 17:36:01.316
0 days 00:36:01.316000,25.4,61.0,1012.5,False,29.0,347,3.4,2022,2,2022-03-27 17:36:01.316
0 days 00:37:01.317000,25.4,62.0,1012.4,False,28.7,346,3.0,2022,2,2022-03-27 17:37:01.317
0 days 00:37:01.317000,25.4,62.0,1012.4,False,28.7,346,3.0,2022,2,2022-03-27 17:37:01.317
0 days 00:38:01.322000,25.4,62.0,1012.5,False,28.7,345,3.0,2022,2,2022-03-27 17:38:01.322
0 days 00:38:01.322000,25.4,62.0,1012.5,False,28.7,345,3.0,2022,2,2022-03-27 17:38:01.322
0 days 00:39:01.323000,25.4,62.0,1012.5,False,29.1,345,3.0,2022,2,2022-03-27 17:39:01.323
0 days 00:39:01.323000,25.4,62.0,1012.5,False,29.1,345,3.0,2022,2,2022-03-27 17:39:01.323
0 days 00:40:01.350000,25.4,62.0,1012.5,False,29.1,348,2.5,2022,2,2022-03-27 17:40:01.350
0 days 00:40:01.350000,25.4,62.0,1012.5,False,29.1,348,2.5,2022,2,2022-03-27 17:40:01.350
0 days 00:41:01.348000,25.4,62.0,1012.5,False,29.1,348,2.5,2022,2,2022-03-27 17:41:01.348
0 days 00:41:01.348000,25.4,62.0,1012.5,False,29.1,348,2.5,2022,2,2022-03-27 17:41:01.348
0 days 00:42:01.348000,25.3,61.0,1012.5,False,28.8,330,3.0,2022,2,2022-03-27 17:42:01.348
0 days 00:42:01.348000,25.3,61.0,1012.5,False,28.8,330,3.0,2022,2,2022-03-27 17:42:01.348
0 days 00:43:01.376000,25.4,61.0,1012.5,False,28.9,336,2.7,2022,2,2022-03-27 17:43:01.376
0 days 00:43:01.376000,25.4,61.0,1012.5,False,28.9,336,2.7,2022,2,2022-03-27 17:43:01.376
0 days 00:44:01.358000,25.4,62.0,1012.5,False,28.7,351,2.5,2022,2,2022-03-27 17:44:01.358
0 days 00:44:01.358000,25.4,62.0,1012.5,False,28.7,351,2.5,2022,2,2022-03-27 17:44:01.358
0 days 00:45:01.347000,25.3,61.0,1012.5,False,28.7,357,2.4,2022,2,2022-03-27 17:45:01.347
0 days 00:45:01.347000,25.3,61.0,1012.5,False,28.7,357,2.4,2022,2,2022-03-27 17:45:01.347
0 days 00:46:01.350000,25.3,61.0,1012.5,False,28.8,338,2.2,2022,2,2022-03-27 17:46:01.350
0 days 00:46:01.350000,25.3,61.0,1012.5,False,28.8,338,2.2,2022,2,2022-03-27 17:46:01.350
0 days 00:47:01.354000,25.4,61.0,1012.5,False,28.8,344,2.7,2022,2,2022-03-27 17:47:01.354
0 days 00:47:01.354000,25.4,61.0,1012.5,False,28.8,344,2.7,2022,2,2022-03-27 17:47:01.354
0 days 00:48:01.358000,25.4,61.0,1012.5,False,28.8,345,2.7,2022,2,2022-03-27 17:48:01.358
0 days 00:48:01.358000,25.4,61.0,1012.5,False,28.8,345,2.7,2022,2,2022-03-27 17:48:01.358
0 days 00:49:01.350000,25.3,61.0,1012.5,False,28.8,358,2.5,2022,2,2022-03-27 17:49:01.350
0 days 00:49:01.350000,25.3,61.0,1012.5,False,28.8,358,2.5,2022,2,2022-03-27 17:49:01.350
0 days 00:50:01.350000,25.3,61.0,1012.5,False,28.7,328,2.5,2022,2,2022-03-27 17:50:01.350
0 days 00:50:01.350000,25.3,61.0,1012.5,False,28.7,328,2.5,2022,2,2022-03-27 17:50:01.350
0 days 00:51:01.359000,25.3,61.0,1012.5,False,28.6,341,2.4,2022,2,2022-03-27 17:51:01.359
0 days 00:51:01.359000,25.3,61.0,1012.5,False,28.6,341,2.4,2022,2,2022-03-27 17:51:01.359
0 days 00:52:01.350000,25.4,60.0,1012.5,False,28.6,352,2.7,2022,2,2022-03-27 17:52:01.350
0 days 00:52:01.350000,25.4,60.0,1012.5,False,28.6,352,2.7,2022,2,2022-03-27 17:52:01.350
0 days 00:53:01.351000,25.4,61.0,1012.5,False,28.5,348,2.0,2022,2,2022-03-27 17:53:01.351
0 days 00:53:01.351000,25.4,61.0,1012.5,False,28.5,348,2.0,2022,2,2022-03-27 17:53:01.351
0 days 00:54:01.350000,25.3,61.0,1012.7,False,28.6,335,2.5,2022,2,2022-03-27 17:54:01.350
0 days 00:54:01.350000,25.3,61.0,1012.7,False,28.6,335,2.5,2022,2,2022-03-27 17:54:01.350
0 days 00:55:01.342000,25.3,60.0,1012.5,False,29.0,343,2.5,2022,2,2022-03-27 17:55:01.342
0 days 00:55:01.342000,25.3,60.0,1012.5,False,29.0,343,2.5,2022,2,2022-03-27 17:55:01.342
0 days 00:56:01.350000,25.3,59.0,1012.7,False,29.0,333,2.0,2022,2,2022-03-27 17:56:01.350
0 days 00:56:01.350000,25.3,59.0,1012.7,False,29.0,333,2.0,2022,2,2022-03-27 17:56:01.350
0 days 00:57:01.348000,25.4,59.0,1012.7,False,29.0,333,2.0,2022,2,2022-03-27 17:57:01.348
0 days 00:57:01.348000,25.4,59.0,1012.7,False,29.0,333,2.0,2022,2,2022-03-27 17:57:01.348
0 days 00:58:01.350000,25.4,59.0,1012.7,False,28.9,351,2.5,2022,2,2022-03-27 17:58:01.350
0 days 00:58:01.350000,25.4,59.0,1012.7,False,28.9,351,2.5,2022,2,2022-03-27 17:58:01.350
0 days 00:59:01.354000,25.4,58.0,1012.7,False,28.7,333,2.2,2022,2,2022-03-27 17:59:01.354
0 days 00:59:01.354000,25.4,58.0,1012.7,False,28.7,333,2.2,2022,2,2022-03-27 17:59:01.354
0 days 01:00:01.348000,25.3,58.0,1012.7,False,28.5,341,2.0,2022,2,2022-03-27 18:00:01.348
0 days 01:00:01.348000,25.3,58.0,1012.7,False,28.5,341,2.0,2022,2,2022-03-27 18:00:01.348
0 days 01:01:01.351000,25.3,58.0,1012.7,False,28.5,351,2.2,2022,2,2022-03-27 18:01:01.351
0 days 01:01:01.351000,25.3,58.0,1012.7,False,28.5,351,2.2,2022,2,2022-03-27 18:01:01.351
0 days 01:02:01.347000,25.3,58.0,1012.7,False,28.6,326,1.8,2022,2,2022-03-27 18:02:01.347
0 days 01:02:01.347000,25.3,58.0,1012.7,False,28.6,326,1.8,2022,2,2022-03-27 18:02:01.347
0 days 01:03:01.348000,25.3,58.0,1012.5,False,28.6,333,2.5,2022,2,2022-03-27 18:03:01.348
0 days 01:03:01.348000,25.3,58.0,1012.5,False,28.6,333,2.5,2022,2,2022-03-27 18:03:01.348
0 days 01:04:01.359000,25.4,58.0,1012.5,False,28.6,343,3.5,2022,2,2022-03-27 18:04:01.359
0 days 01:04:01.359000,25.4,58.0,1012.5,False,28.6,343,3.5,2022,2,2022-03-27 18:04:01.359
0 days 01:05:01.355000,25.4,58.0,1012.5,False,28.5,352,3.5,2022,2,2022-03-27 18:05:01.355
0 days 01:05:01.355000,25.4,58.0,1012.5,False,28.5,352,3.5,2022,2,2022-03-27 18:05:01.355
0 days 01:06:01.352000,25.4,58.0,1012.7,False,28.5,343,1.8,2022,2,2022-03-27 18:06:01.352
0 days 01:06:01.352000,25.4,58.0,1012.7,False,28.5,343,1.8,2022,2,2022-03-27 18:06:01.352
0 days 01:07:01.350000,25.5,58.0,1012.5,False,28.5,356,3.4,2022,2,2022-03-27 18:07:01.350
0 days 01:07:01.350000,25.5,58.0,1012.5,False,28.5,356,3.4,2022,2,2022-03-27 18:07:01.350
0 days 01:08:01.350000,25.5,58.0,1012.7,False,28.5,320,3.5,2022,2,2022-03-27 18:08:01.350
0 days 01:08:01.350000,25.5,58.0,1012.7,False,28.5,320,3.5,2022,2,2022-03-27 18:08:01.350
0 days 01:09:01.350000,25.6,58.0,1012.7,False,28.2,348,3.5,2022,2,2022-03-27 18:09:01.350
0 days 01:09:01.350000,25.6,58.0,1012.7,False,28.2,348,3.5,2022,2,2022-03-27 18:09:01.350
0 days 01:10:01.361000,25.6,59.0,1012.7,False,28.2,338,2.2,2022,2,2022-03-27 18:10:01.361
0 days 01:10:01.361000,25.6,59.0,1012.7,False,28.2,338,2.2,2022,2,2022-03-27 18:10:01.361
0 days 01:11:01.348000,25.5,59.0,1012.7,False,28.5,348,1.6,2022,2,2022-03-27 18:11:01.348
0 days 01:11:01.348000,25.5,59.0,1012.7,False,28.5,348,1.6,2022,2,2022-03-27 18:11:01.348
0 days 01:12:01.361000,25.5,59.0,1012.7,False,28.5,161,2.4,2022,2,2022-03-27 18:12:01.361
0 days 01:12:01.361000,25.5,59.0,1012.7,False,28.5,161,2.4,2022,2,2022-03-27 18:12:01.361
0 days 01:13:01.350000,25.5,60.0,1012.7,False,28.6,340,1.8,2022,2,2022-03-27 18:13:01.350
0 days 01:13:01.350000,25.5,60.0,1012.7,False,28.6,340,1.8,2022,2,2022-03-27 18:13:01.350
0 days 01:14:01.364000,25.6,60.0,1012.9,False,28.2,339,2.4,2022,2,2022-03-27 18:14:01.364
0 days 01:14:01.364000,25.6,60.0,1012.9,False,28.2,339,2.4,2022,2,2022-03-27 18:14:01.364
0 days 01:15:01.350000,25.5,61.0,1012.7,False,28.4,342,2.9,2022,2,2022-03-27 18:15:01.350
0 days 01:15:01.350000,25.5,61.0,1012.7,False,28.4,342,2.9,2022,2,2022-03-27 18:15:01.350
0 days 01:16:01.390000,25.5,61.0,1012.9,False,28.1,330,2.5,2022,2,2022-03-27 18:16:01.390
0 days 01:16:01.390000,25.5,61.0,1012.9,False,28.1,330,2.5,2022,2,2022-03-27 18:16:01.390
0 days 01:17:01.355000,25.5,61.0,1012.9,False,28.3,314,2.2,2022,2,2022-03-27 18:17:01.355
0 days 01:17:01.355000,25.5,61.0,1012.9,False,28.3,314,2.2,2022,2,2022-03-27 18:17:01.355
0 days 01:18:01.348000,25.5,60.0,1012.7,False,28.4,334,1.2,2022,2,2022-03-27 18:18:01.348
0 days 01:18:01.348000,25.5,60.0,1012.7,False,28.4,334,1.2,2022,2,2022-03-27 18:18:01.348
0 days 01:19:01.354000,25.5,60.0,1012.9,False,28.4,339,1.8,2022,2,2022-03-27 18:19:01.354
0 days 01:19:01.354000,25.5,60.0,1012.9,False,28.4,339,1.8,2022,2,2022-03-27 18:19:01.354
0 days 01:20:01.351000,25.5,60.0,1012.9,False,28.5,319,1.8,2022,2,2022-03-27 18:20:01.351
0 days 01:20:01.351000,25.5,60.0,1012.9,False,28.5,319,1.8,2022,2,2022-03-27 18:20:01.351
0 days 01:21:01.350000,25.5,59.0,1012.9,False,28.4,343,1.6,2022,2,2022-03-27 18:21:01.350
0 days 01:21:01.350000,25.5,59.0,1012.9,False,28.4,343,1.6,2022,2,2022-03-27 18:21:01.350
0 days 01:22:01.351000,25.5,59.0,1012.9,False,28.4,25,1.6,2022,2,2022-03-27 18:22:01.351
0 days 01:22:01.351000,25.5,59.0,1012.9,False,28.4,25,1.6,2022,2,2022-03-27 18:22:01.351
0 days 01:23:01.350000,25.5,59.0,1012.9,False,28.3,329,2.2,2022,2,2022-03-27 18:23:01.350
0 days 01:23:01.350000,25.5,59.0,1012.9,False,28.3,329,2.2,2022,2,2022-03-27 18:23:01.350
0 days 01:24:01.353000,25.5,59.0,1012.9,False,28.3,328,2.5,2022,2,2022-03-27 18:24:01.353
0 days 01:24:01.353000,25.5,59.0,1012.9,False,28.3,328,2.5,2022,2,2022-03-27 18:24:01.353
0 days 01:25:01.352000,25.6,59.0,1013.0,False,28.2,343,2.0,2022,2,2022-03-27 18:25:01.352
0 days 01:25:01.352000,25.6,59.0,1013.0,False,28.2,343,2.0,2022,2,2022-03-27 18:25:01.352
0 days 01:26:01.351000,25.6,59.0,1013.0,False,28.4,331,2.2,2022,2,2022-03-27 18:26:01.351
0 days 01:26:01.351000,25.6,59.0,1013.0,False,28.4,331,2.2,2022,2,2022-03-27 18:26:01.351
0 days 01:27:01.361000,25.5,59.0,1013.0,False,28.3,345,3.0,2022,2,2022-03-27 18:27:01.361
0 days 01:27:01.361000,25.5,59.0,1013.0,False,28.3,345,3.0,2022,2,2022-03-27 18:27:01.361
0 days 01:28:01.361000,25.6,59.0,1013.0,False,28.3,355,2.7,2022,2,2022-03-27 18:28:01.361
0 days 01:28:01.361000,25.6,59.0,1013.0,False,28.3,355,2.7,2022,2,2022-03-27 18:28:01.361
0 days 01:29:01.360000,25.5,59.0,1012.9,False,28.2,357,2.0,2022,2,2022-03-27 18:29:01.360
0 days 01:29:01.360000,25.5,59.0,1012.9,False,28.2,357,2.0,2022,2,2022-03-27 18:29:01.360
0 days 01:30:01.351000,25.5,59.0,1013.0,False,28.0,352,2.5,2022,2,2022-03-27 18:30:01.351
0 days 01:30:01.351000,25.5,59.0,1013.0,False,28.0,352,2.5,2022,2,2022-03-27 18:30:01.351
0 days 01:31:01.355000,25.5,59.0,1012.9,False,27.9,330,2.2,2022,2,2022-03-27 18:31:01.355
0 days 01:31:01.355000,25.5,59.0,1012.9,False,27.9,330,2.2,2022,2,2022-03-27 18:31:01.355
0 days 01:32:01.353000,25.4,59.0,1012.9,False,27.9,352,2.5,2022,2,2022-03-27 18:32:01.353
0 days 01:32:01.353000,25.4,59.0,1012.9,False,27.9,352,2.5,2022,2,2022-03-27 18:32:01.353
0 days 01:33:01.359000,25.4,59.0,1013.0,False,28.2,344,2.0,2022,2,2022-03-27 18:33:01.359
0 days 01:33:01.359000,25.4,59.0,1013.0,False,28.2,344,2.0,2022,2,2022-03-27 18:33:01.359
0 days 01:34:01.380000,25.4,59.0,1012.9,False,28.2,329,2.9,2022,2,2022-03-27 18:34:01.380
0 days 01:34:01.380000,25.4,59.0,1012.9,False,28.2,329,2.9,2022,2,2022-03-27 18:34:01.380
0 days 01:35:01.399000,25.4,60.0,1013.0,False,28.1,334,2.2,2022,2,2022-03-27 18:35:01.399
0 days 01:35:01.399000,25.4,60.0,1013.0,False,28.1,334,2.2,2022,2,2022-03-27 18:35:01.399
0 days 01:36:01.402000,25.4,60.0,1013.0,False,28.1,331,1.2,2022,2,2022-03-27 18:36:01.402
0 days 01:36:01.402000,25.4,60.0,1013.0,False,28.1,331,1.2,2022,2,2022-03-27 18:36:01.402
0 days 01:37:01.402000,25.4,59.0,1013.0,False,28.2,344,1.7,2022,2,2022-03-27 18:37:01.402
0 days 01:37:01.402000,25.4,59.0,1013.0,False,28.2,344,1.7,2022,2,2022-03-27 18:37:01.402
0 days 01:38:01.399000,25.4,60.0,1013.0,False,28.2,132,1.8,2022,2,2022-03-27 18:38:01.399
0 days 01:38:01.399000,25.4,60.0,1013.0,False,28.2,132,1.8,2022,2,2022-03-27 18:38:01.399
0 days 01:39:01.401000,25.4,60.0,1013.0,False,27.9,345,1.0,2022,2,2022-03-27 18:39:01.401
0 days 01:39:01.401000,25.4,60.0,1013.0,False,27.9,345,1.0,2022,2,2022-03-27 18:39:01.401
0 days 01:40:01.412000,25.4,60.0,1013.0,False,27.8,319,1.6,2022,2,2022-03-27 18:40:01.412
0 days 01:40:01.412000,25.4,60.0,1013.0,False,27.8,319,1.6,2022,2,2022-03-27 18:40:01.412
0 days 01:41:01.431000,25.4,60.0,1013.0,False,27.7,15,1.5,2022,2,2022-03-27 18:41:01.431
0 days 01:41:01.431000,25.4,60.0,1013.0,False,27.7,15,1.5,2022,2,2022-03-27 18:41:01.431
0 days 01:42:01.444000,25.4,60.0,1013.0,False,27.7,148,1.6,2022,2,2022-03-27 18:42:01.444
0 days 01:42:01.444000,25.4,60.0,1013.0,False,27.7,148,1.6,2022,2,2022-03-27 18:42:01.444
0 days 01:43:01.459000,25.4,59.0,1013.0,False,28.1,341,2.2,2022,2,2022-03-27 18:43:01.459
0 days 01:43:01.459000,25.4,59.0,1013.0,False,28.1,341,2.2,2022,2,2022-03-27 18:43:01.459
0 days 01:44:01.475000,25.4,59.0,1013.2,False,27.9,337,1.3,2022,2,2022-03-27 18:44:01.475
0 days 01:44:01.475000,25.4,59.0,1013.2,False,27.9,337,1.3,2022,2,2022-03-27 18:44:01.475
0 days 01:45:01.478000,25.5,59.0,1013.0,False,27.8,336,2.0,2022,2,2022-03-27 18:45:01.478
0 days 01:45:01.478000,25.5,59.0,1013.0,False,27.8,336,2.0,2022,2,2022-03-27 18:45:01.478
0 days 01:46:01.480000,25.4,59.0,1013.0,False,27.8,288,2.2,2022,2,2022-03-27 18:46:01.480
0 days 01:46:01.480000,25.4,59.0,1013.0,False,27.8,288,2.2,2022,2,2022-03-27 18:46:01.480
0 days 01:47:01.479000,25.4,60.0,1013.0,False,27.8,11,1.8,2022,2,2022-03-27 18:47:01.479
0 days 01:47:01.479000,25.4,60.0,1013.0,False,27.8,11,1.8,2022,2,2022-03-27 18:47:01.479
0 days 01:48:01.494000,25.4,59.0,1013.0,False,27.8,344,1.7,2022,2,2022-03-27 18:48:01.494
0 days 01:48:01.494000,25.4,59.0,1013.0,False,27.8,344,1.7,2022,2,2022-03-27 18:48:01.494
0 days 01:49:01.499000,25.5,59.0,1013.0,False,27.8,359,2.7,2022,2,2022-03-27 18:49:01.499
0 days 01:49:01.499000,25.5,59.0,1013.0,False,27.8,359,2.7,2022,2,2022-03-27 18:49:01.499
0 days 01:50:01.497000,25.5,59.0,1013.2,False,27.8,16,2.5,2022,2,2022-03-27 18:50:01.497
0 days 01:50:01.497000,25.5,59.0,1013.2,False,27.8,16,2.5,2022,2,2022-03-27 18:50:01.497
0 days 01:51:01.498000,25.5,59.0,1013.2,False,27.8,328,2.2,2022,2,2022-03-27 18:51:01.498
0 days 01:51:01.498000,25.5,59.0,1013.2,False,27.8,328,2.2,2022,2,2022-03-27 18:51:01.498
0 days 01:52:01.508000,25.5,59.0,1013.2,False,27.7,326,2.2,2022,2,2022-03-27 18:52:01.508
0 days 01:52:01.508000,25.5,59.0,1013.2,False,27.7,326,2.2,2022,2,2022-03-27 18:52:01.508
0 days 01:53:01.524000,25.5,59.0,1013.2,False,27.8,311,1.7,2022,2,2022-03-27 18:53:01.524
0 days 01:53:01.524000,25.5,59.0,1013.2,False,27.8,311,1.7,2022,2,2022-03-27 18:53:01.524
0 days 01:54:01.538000,25.5,58.0,1013.2,False,27.8,344,1.2,2022,2,2022-03-27 18:54:01.538
0 days 01:54:01.538000,25.5,58.0,1013.2,False,27.8,344,1.2,2022,2,2022-03-27 18:54:01.538
0 days 01:55:01.542000,25.5,57.0,1013.2,False,27.8,342,2.2,2022,2,2022-03-27 18:55:01.542
0 days 01:55:01.542000,25.5,57.0,1013.2,False,27.8,342,2.2,2022,2,2022-03-27 18:55:01.542
0 days 01:56:01.539000,25.5,57.0,1013.2,False,27.9,329,2.7,2022,2,2022-03-27 18:56:01.539
0 days 01:56:01.539000,25.5,57.0,1013.2,False,27.9,329,2.7,2022,2,2022-03-27 18:56:01.539
0 days 01:57:01.557000,25.5,57.0,1013.2,False,27.7,349,2.9,2022,2,2022-03-27 18:57:01.557
0 days 01:57:01.557000,25.5,57.0,1013.2,False,27.7,349,2.9,2022,2,2022-03-27 18:57:01.557
0 days 01:58:01.580000,25.5,58.0,1013.0,False,27.4,294,2.0,2022,2,2022-03-27 18:58:01.580
0 days 01:58:01.580000,25.5,58.0,1013.0,False,27.4,294,2.0,2022,2,2022-03-27 18:58:01.580
0 days 01:59:01.582000,25.4,57.0,1013.2,False,27.6,311,1.8,2022,2,2022-03-27 18:59:01.582
0 days 01:59:01.582000,25.4,57.0,1013.2,False,27.6,311,1.8,2022,2,2022-03-27 18:59:01.582
0 days 02:00:01.601000,25.5,57.0,1013.2,False,27.7,341,1.7,2022,2,2022-03-27 19:00:01.601
0 days 02:00:01.601000,25.5,57.0,1013.2,False,27.7,341,1.7,2022,2,2022-03-27 19:00:01.601
0 days 02:01:01.607000,25.5,57.0,1013.4,False,27.7,33,2.7,2022,2,2022-03-27 19:01:01.607
0 days 02:01:01.607000,25.5,57.0,1013.4,False,27.7,33,2.7,2022,2,2022-03-27 19:01:01.607
0 days 02:02:01.603000,25.5,57.0,1013.2,False,27.6,342,1.7,2022,2,2022-03-27 19:02:01.603
0 days 02:02:01.603000,25.5,57.0,1013.2,False,27.6,342,1.7,2022,2,2022-03-27 19:02:01.603
0 days 02:03:01.635000,25.5,57.0,1013.2,False,27.6,300,1.7,2022,2,2022-03-27 19:03:01.635
0 days 02:03:01.635000,25.5,57.0,1013.2,False,27.6,300,1.7,2022,2,2022-03-27 19:03:01.635
0 days 02:04:01.634000,25.5,57.0,1013.2,False,27.5,0,2.0,2022,2,2022-03-27 19:04:01.634
0 days 02:04:01.634000,25.5,57.0,1013.2,False,27.5,0,2.0,2022,2,2022-03-27 19:04:01.634
0 days 02:05:01.650000,25.5,56.0,1013.2,False,27.5,326,1.7,2022,2,2022-03-27 19:05:01.650
0 days 02:05:01.650000,25.5,56.0,1013.2,False,27.5,326,1.7,2022,2,2022-03-27 19:05:01.650
0 days 02:06:01.653000,25.5,56.0,1013.4,False,27.6,329,2.7,2022,2,2022-03-27 19:06:01.653
0 days 02:06:01.653000,25.5,56.0,1013.4,False,27.6,329,2.7,2022,2,2022-03-27 19:06:01.653
0 days 02:07:01.663000,25.5,56.0,1013.2,False,27.5,340,1.7,2022,2,2022-03-27 19:07:01.663
0 days 02:07:01.663000,25.5,56.0,1013.2,False,27.5,340,1.7,2022,2,2022-03-27 19:07:01.663
0 days 02:08:01.681000,25.5,56.0,1013.2,False,27.5,340,1.8,2022,2,2022-03-27 19:08:01.681
0 days 02:08:01.681000,25.5,56.0,1013.2,False,27.5,340,1.8,2022,2,2022-03-27 19:08:01.681
0 days 02:09:01.698000,25.5,56.0,1013.2,False,27.5,354,1.7,2022,2,2022-03-27 19:09:01.698
0 days 02:09:01.698000,25.5,56.0,1013.2,False,27.5,354,1.7,2022,2,2022-03-27 19:09:01.698
0 days 02:10:01.700000,25.5,56.0,1013.2,False,27.5,332,3.5,2022,2,2022-03-27 19:10:01.700
0 days 02:10:01.700000,25.5,56.0,1013.2,False,27.5,332,3.5,2022,2,2022-03-27 19:10:01.700
0 days 02:11:01.702000,25.5,56.0,1013.2,False,27.5,5,2.9,2022,2,2022-03-27 19:11:01.702
0 days 02:11:01.702000,25.5,56.0,1013.2,False,27.5,5,2.9,2022,2,2022-03-27 19:11:01.702
0 days 02:12:01.703000,25.4,57.0,1013.2,False,27.5,349,1.7,2022,2,2022-03-27 19:12:01.703
0 days 02:12:01.703000,25.4,57.0,1013.2,False,27.5,349,1.7,2022,2,2022-03-27 19:12:01.703
0 days 02:13:01.704000,25.3,57.0,1013.2,False,27.4,351,2.4,2022,2,2022-03-27 19:13:01.704
0 days 02:13:01.704000,25.3,57.0,1013.2,False,27.4,351,2.4,2022,2,2022-03-27 19:13:01.704
0 days 02:14:01.705000,25.4,56.0,1013.2,False,27.4,351,2.7,2022,2,2022-03-27 19:14:01.705
0 days 02:14:01.705000,25.4,56.0,1013.2,False,27.4,351,2.7,2022,2,2022-03-27 19:14:01.705
0 days 02:15:01.713000,25.3,56.0,1013.2,False,27.4,338,1.6,2022,2,2022-03-27 19:15:01.713
0 days 02:15:01.713000,25.3,56.0,1013.2,False,27.4,338,1.6,2022,2,2022-03-27 19:15:01.713
0 days 02:16:01.729000,25.4,57.0,1013.2,False,27.4,20,2.0,2022,2,2022-03-27 19:16:01.729
0 days 02:16:01.729000,25.4,57.0,1013.2,False,27.4,20,2.0,2022,2,2022-03-27 19:16:01.729
0 days 02:17:01.734000,25.4,56.0,1013.2,False,27.3,24,1.6,2022,2,2022-03-27 19:17:01.734
0 days 02:17:01.734000,25.4,56.0,1013.2,False,27.3,24,1.6,2022,2,2022-03-27 19:17:01.734
0 days 02:18:01.732000,25.4,56.0,1013.2,False,27.4,324,4.0,2022,2,2022-03-27 19:18:01.732
0 days 02:18:01.732000,25.4,56.0,1013.2,False,27.4,324,4.0,2022,2,2022-03-27 19:18:01.732
0 days 02:19:01.728000,25.4,57.0,1013.2,False,27.3,325,2.5,2022,2,2022-03-27 19:19:01.728
0 days 02:19:01.728000,25.4,57.0,1013.2,False,27.3,325,2.5,2022,2,2022-03-27 19:19:01.728
0 days 02:20:01.727000,25.3,57.0,1013.2,False,27.3,320,1.8,2022,2,2022-03-27 19:20:01.727
0 days 02:20:01.727000,25.3,57.0,1013.2,False,27.3,320,1.8,2022,2,2022-03-27 19:20:01.727
0 days 02:21:01.743000,25.3,56.0,1013.4,False,27.3,338,1.1,2022,2,2022-03-27 19:21:01.743
0 days 02:21:01.743000,25.3,56.0,1013.4,False,27.3,338,1.1,2022,2,2022-03-27 19:21:01.743
0 days 02:22:01.766000,25.4,56.0,1013.2,False,27.6,0,2.0,2022,2,2022-03-27 19:22:01.766
0 days 02:22:01.766000,25.4,56.0,1013.2,False,27.6,0,2.0,2022,2,2022-03-27 19:22:01.766
0 days 02:23:01.805000,25.4,56.0,1013.2,False,27.5,296,1.7,2022,2,2022-03-27 19:23:01.805
0 days 02:23:01.805000,25.4,56.0,1013.2,False,27.5,296,1.7,2022,2,2022-03-27 19:23:01.805
0 days 02:24:01.782000,25.5,56.0,1013.2,False,27.5,322,2.2,2022,2,2022-03-27 19:24:01.782
0 days 02:24:01.782000,25.5,56.0,1013.2,False,27.5,322,2.2,2022,2,2022-03-27 19:24:01.782
0 days 02:25:01.775000,25.4,57.0,1013.2,False,27.3,331,3.2,2022,2,2022-03-27 19:25:01.775
0 days 02:25:01.775000,25.4,57.0,1013.2,False,27.3,331,3.2,2022,2,2022-03-27 19:25:01.775
0 days 02:26:01.775000,25.4,57.0,1013.4,False,27.3,333,2.4,2022,2,2022-03-27 19:26:01.775
0 days 02:26:01.775000,25.4,57.0,1013.4,False,27.3,333,2.4,2022,2,2022-03-27 19:26:01.775
0 days 02:27:01.776000,25.4,57.0,1013.4,False,27.3,333,2.4,2022,2,2022-03-27 19:27:01.776
0 days 02:27:01.776000,25.4,57.0,1013.4,False,27.3,333,2.4,2022,2,2022-03-27 19:27:01.776
0 days 02:28:01.776000,25.4,57.0,1013.4,False,27.3,340,2.2,2022,2,2022-03-27 19:28:01.776
0 days 02:28:01.776000,25.4,57.0,1013.4,False,27.3,340,2.2,2022,2,2022-03-27 19:28:01.776
0 days 02:29:01.790000,25.4,57.0,1013.5,False,27.5,341,2.4,2022,2,2022-03-27 19:29:01.790
0 days 02:29:01.790000,25.4,57.0,1013.5,False,27.5,341,2.4,2022,2,2022-03-27 19:29:01.790
0 days 02:30:01.802000,25.4,57.0,1013.4,False,27.4,334,1.8,2022,2,2022-03-27 19:30:01.802
0 days 02:30:01.802000,25.4,57.0,1013.4,False,27.4,334,1.8,2022,2,2022-03-27 19:30:01.802
0 days 02:31:01.801000,25.3,57.0,1013.5,False,27.3,342,1.1,2022,2,2022-03-27 19:31:01.801
0 days 02:31:01.801000,25.3,57.0,1013.5,False,27.3,342,1.1,2022,2,2022-03-27 19:31:01.801
0 days 02:32:01.807000,25.3,57.0,1013.5,False,27.2,8,2.4,2022,2,2022-03-27 19:32:01.807
0 days 02:32:01.807000,25.3,57.0,1013.5,False,27.2,8,2.4,2022,2,2022-03-27 19:32:01.807
