Time,Status,Message,Season,Round,Time_Sec
0 days 00:14:47.534000,2,Yellow,2018,1,887.534
0 days 00:14:54.676000,1,AllClear,2018,1,894.676
0 days 00:14:55.424000,2,Yellow,2018,1,895.424
0 days 00:17:32.340000,1,AllClear,2018,1,1052.34
0 days 00:21:00.464000,2,Yellow,2018,1,1260.464
0 days 00:21:02.731000,1,AllClear,2018,1,1262.731
0 days 00:41:39.694000,2,Yellow,2018,1,2499.694
0 days 00:41:54.199000,1,AllClear,2018,1,2514.199
0 days 00:42:09.798000,2,Yellow,2018,1,2529.798
0 days 00:43:06.320000,1,AllClear,2018,1,2586.32
0 days 00:44:01.324000,2,Yellow,2018,1,2641.324
0 days 00:44:59.666000,6,VSCDeployed,2018,1,2699.666
0 days 00:49:00.615000,4,SCDeployed,2018,1,2940.615
0 days 00:57:11.990000,1,AllClear,2018,1,3431.99
0 days 00:08:08.643000,2,Yellow,2018,2,488.643
0 days 00:08:14.695000,1,AllClear,2018,2,494.695
0 days 00:08:26.014000,2,Yellow,2018,2,506.014
0 days 00:08:51.074000,1,AllClear,2018,2,531.074
0 days 00:09:57.697000,2,Yellow,2018,2,597.697
0 days 00:10:24.916000,1,AllClear,2018,2,624.916
0 days 00:10:32.280000,2,Yellow,2018,2,632.28
0 days 00:10:41.473000,6,VSCDeployed,2018,2,641.473
0 days 00:14:18.149000,7,VSCEnding,2018,2,858.149
0 days 00:14:28.726000,1,AllClear,2018,2,868.726
0 days 00:16:12.118000,2,Yellow,2018,2,972.118
0 days 00:16:52.560000,1,AllClear,2018,2,1012.56
0 days 00:16:54.296000,2,Yellow,2018,2,1014.296
0 days 00:17:03.081000,1,AllClear,2018,2,1023.081
0 days 00:24:49.514000,2,Yellow,2018,2,1489.514
0 days 00:25:07.399000,1,AllClear,2018,2,1507.399
0 days 00:51:26.333000,2,Yellow,2018,2,3086.333
0 days 00:51:37.393000,1,AllClear,2018,2,3097.393
0 days 01:12:30.099000,2,Yellow,2018,2,4350.099
0 days 01:12:43.186000,1,AllClear,2018,2,4363.186
0 days 00:56:48.669000,2,Yellow,2018,3,3408.669
0 days 00:56:55.543000,1,AllClear,2018,3,3415.543
0 days 00:56:56.675000,2,Yellow,2018,3,3416.675
0 days 00:57:01.660000,1,AllClear,2018,3,3421.66
0 days 00:58:51.111000,4,SCDeployed,2018,3,3531.111
0 days 01:08:59.294000,1,AllClear,2018,3,4139.294
0 days 01:22:07.472000,2,Yellow,2018,3,4927.472
0 days 01:22:15.100000,1,AllClear,2018,3,4935.1
0 days 00:08:08.035000,2,Yellow,2018,4,488.035
0 days 00:08:31.311000,4,SCDeployed,2018,4,511.311
0 days 00:20:55.542000,1,AllClear,2018,4,1255.542
0 days 00:29:45.887000,2,Yellow,2018,4,1785.887
0 days 00:29:57.038000,1,AllClear,2018,4,1797.038
0 days 00:31:56.943000,2,Yellow,2018,4,1916.943
0 days 00:32:11.113000,1,AllClear,2018,4,1931.113
0 days 00:38:24.721000,2,Yellow,2018,4,2304.721
0 days 00:39:20.846000,1,AllClear,2018,4,2360.846
0 days 00:39:21.089000,2,Yellow,2018,4,2361.089
0 days 00:39:24.030000,1,AllClear,2018,4,2364.03
0 days 00:44:33.894000,2,Yellow,2018,4,2673.894
0 days 00:44:46.392000,1,AllClear,2018,4,2686.392
0 days 00:48:45.019000,2,Yellow,2018,4,2925.019
0 days 00:48:56.143000,1,AllClear,2018,4,2936.143
0 days 01:23:08.659000,2,Yellow,2018,4,4988.659
0 days 01:23:50.402000,4,SCDeployed,2018,4,5030.402
0 days 01:44:03.406000,1,AllClear,2018,4,6243.406
0 days 01:46:30.618000,2,Yellow,2018,4,6390.618
0 days 01:46:34.249000,1,AllClear,2018,4,6394.249
0 days 01:46:44.106000,2,Yellow,2018,4,6404.106
0 days 01:47:59.907000,1,AllClear,2018,4,6479.907
0 days 00:07:38.778000,2,Yellow,2018,5,458.778
0 days 00:07:45.735000,4,SCDeployed,2018,5,465.735
0 days 00:20:01.446000,1,AllClear,2018,5,1201.446
0 days 01:06:31.369000,2,Yellow,2018,5,3991.369
0 days 01:07:06.365000,6,VSCDeployed,2018,5,4026.365
0 days 01:10:26.389000,7,VSCEnding,2018,5,4226.389
0 days 01:10:40.273000,1,AllClear,2018,5,4240.273
0 days 01:10:45.365000,2,Yellow,2018,5,4245.365
0 days 01:10:53.057000,1,AllClear,2018,5,4253.057
0 days 00:07:26.615000,2,Yellow,2018,6,446.615
0 days 00:08:23.728000,1,AllClear,2018,6,503.728
0 days 00:23:43.859000,2,Yellow,2018,6,1423.859
0 days 00:23:52.390000,1,AllClear,2018,6,1432.39
0 days 01:16:03.406000,2,Yellow,2018,6,4563.406
0 days 01:17:08.918000,1,AllClear,2018,6,4628.918
0 days 01:40:35.410000,2,Yellow,2018,6,6035.41
0 days 01:41:19.432000,6,VSCDeployed,2018,6,6079.432
0 days 01:43:22.924000,7,VSCEnding,2018,6,6202.924
0 days 01:43:34.712000,1,AllClear,2018,6,6214.712
0 days 00:07:29.041000,2,Yellow,2018,7,449.041
0 days 00:07:42.541000,4,SCDeployed,2018,7,462.541
0 days 00:14:35.528000,1,AllClear,2018,7,875.528
0 days 01:39:03.793000,2,Yellow,2018,7,5943.793
0 days 01:39:07.326000,1,AllClear,2018,7,5947.326
0 days 01:39:09.347000,2,Yellow,2018,7,5949.347
0 days 01:39:18.240000,1,AllClear,2018,7,5958.24
0 days 01:39:31.886000,2,Yellow,2018,7,5971.886
0 days 01:39:35.425000,1,AllClear,2018,7,5975.425
0 days 00:07:41.290000,2,Yellow,2018,8,461.29
0 days 00:07:46.439000,1,AllClear,2018,8,466.439
0 days 00:07:54.649000,2,Yellow,2018,8,474.649
0 days 00:08:13.781000,4,SCDeployed,2018,8,493.781
0 days 00:19:28.652000,1,AllClear,2018,8,1168.652
0 days 00:20:07.542000,2,Yellow,2018,8,1207.542
0 days 00:20:14.784000,1,AllClear,2018,8,1214.784
0 days 01:32:22.447000,2,Yellow,2018,8,5542.447
0 days 01:33:48.044000,6,VSCDeployed,2018,8,5628.044
0 days 01:36:11.850000,7,VSCEnding,2018,8,5771.85
0 days 01:36:24.477000,1,AllClear,2018,8,5784.477
0 days 01:36:26.822000,2,Yellow,2018,8,5786.822
0 days 01:41:57.006000,1,AllClear,2018,8,6117.006
0 days 00:08:50.939000,2,Yellow,2018,9,530.939
0 days 00:08:59.637000,1,AllClear,2018,9,539.637
0 days 00:20:11.925000,2,Yellow,2018,9,1211.925
0 days 00:20:24.836000,1,AllClear,2018,9,1224.836
0 days 00:20:29.649000,2,Yellow,2018,9,1229.649
0 days 00:20:58.721000,1,AllClear,2018,9,1258.721
0 days 00:22:53.051000,2,Yellow,2018,9,1373.051
0 days 00:23:23.891000,6,VSCDeployed,2018,9,1403.891
0 days 00:25:17.153000,7,VSCEnding,2018,9,1517.153
0 days 00:25:27.155000,1,AllClear,2018,9,1527.155
0 days 01:09:04.645000,2,Yellow,2018,9,4144.645
0 days 01:10:36.446000,1,AllClear,2018,9,4236.446
0 days 01:10:50.645000,2,Yellow,2018,9,4250.645
0 days 01:10:52.201000,1,AllClear,2018,9,4252.201
0 days 01:10:53.447000,2,Yellow,2018,9,4253.447
0 days 01:11:14.290000,1,AllClear,2018,9,4274.29
0 days 01:11:59.724000,2,Yellow,2018,9,4319.724
0 days 01:12:51.103000,1,AllClear,2018,9,4371.103
0 days 01:19:26.932000,2,Yellow,2018,9,4766.932
0 days 01:19:30.706000,1,AllClear,2018,9,4770.706
0 days 01:20:22.350000,2,Yellow,2018,9,4822.35
0 days 01:21:13.115000,1,AllClear,2018,9,4873.115
0 days 01:29:56.639000,2,Yellow,2018,9,5396.639
0 days 01:30:14.550000,1,AllClear,2018,9,5414.55
0 days 00:07:30.107000,2,Yellow,2018,10,450.107
0 days 00:07:47.894000,1,AllClear,2018,10,467.894
0 days 00:08:11.625000,2,Yellow,2018,10,491.625
0 days 00:08:53.427000,1,AllClear,2018,10,533.427
0 days 00:09:55.014000,2,Yellow,2018,10,595.014
0 days 00:10:15.054000,1,AllClear,2018,10,615.054
0 days 00:11:20.502000,2,Yellow,2018,10,680.502
0 days 00:11:30.829000,1,AllClear,2018,10,690.829
0 days 00:36:41.432000,2,Yellow,2018,10,2201.432
0 days 00:36:51.567000,1,AllClear,2018,10,2211.567
0 days 00:37:25.655000,2,Yellow,2018,10,2245.655
0 days 00:39:17.571000,1,AllClear,2018,10,2357.571
0 days 00:57:19.348000,2,Yellow,2018,10,3439.348
0 days 00:58:03.901000,4,SCDeployed,2018,10,3483.901
0 days 01:08:53.708000,1,AllClear,2018,10,4133.708
0 days 01:10:08.354000,2,Yellow,2018,10,4208.354
0 days 01:10:38.959000,4,SCDeployed,2018,10,4238.959
0 days 01:17:41.064000,1,AllClear,2018,10,4661.064
0 days 01:25:38.313000,2,Yellow,2018,10,5138.313
0 days 01:25:44.361000,1,AllClear,2018,10,5144.361
0 days 01:27:11.253000,2,Yellow,2018,10,5231.253
0 days 01:27:35.928000,1,AllClear,2018,10,5255.928
0 days 00:44:03.011000,2,Yellow,2018,11,2643.011
0 days 00:45:27.208000,1,AllClear,2018,11,2727.208
0 days 01:09:39.076000,2,Yellow,2018,11,4179.076
0 days 01:09:51.155000,1,AllClear,2018,11,4191.155
0 days 01:11:19.205000,2,Yellow,2018,11,4279.205
0 days 01:11:20.843000,1,AllClear,2018,11,4280.843
0 days 01:13:45.667000,2,Yellow,2018,11,4425.667
0 days 01:13:56.558000,1,AllClear,2018,11,4436.558
0 days 01:14:50.284000,2,Yellow,2018,11,4490.284
0 days 01:15:05.199000,1,AllClear,2018,11,4505.199
0 days 01:15:27.833000,2,Yellow,2018,11,4527.833
0 days 01:15:43.951000,4,SCDeployed,2018,11,4543.951
0 days 01:26:35.450000,1,AllClear,2018,11,5195.45
0 days 00:15:04.279000,2,Yellow,2018,12,904.279
0 days 00:15:14.559000,6,VSCDeployed,2018,12,914.559
0 days 00:16:02.173000,7,VSCEnding,2018,12,962.173
0 days 00:16:16.333000,1,AllClear,2018,12,976.333
0 days 01:17:28.040000,2,Yellow,2018,12,4648.04
0 days 01:17:35.690000,6,VSCDeployed,2018,12,4655.69
0 days 01:18:47.016000,7,VSCEnding,2018,12,4727.016
0 days 01:19:01.500000,1,AllClear,2018,12,4741.5
0 days 00:00:00,1,AllClear,2018,13,0.0
0 days 00:14:48.834000,2,Yellow,2018,13,888.834
0 days 00:14:50.817000,1,AllClear,2018,13,890.817
0 days 00:18:44.585000,2,Yellow,2018,13,1124.585
0 days 00:19:13.527000,4,SCDeployed,2018,13,1153.527
0 days 00:29:34.490000,1,AllClear,2018,13,1774.49
0 days 01:42:18.720000,2,Yellow,2018,13,6138.72
0 days 01:45:13.546000,1,AllClear,2018,13,6313.546
0 days 00:00:00,1,AllClear,2018,14,0.0
0 days 00:18:55.262000,2,Yellow,2018,14,1135.262
0 days 00:19:37.098000,6,VSCDeployed,2018,14,1177.098
0 days 00:20:49.389000,7,VSCEnding,2018,14,1249.389
0 days 00:22:37.098000,4,SCDeployed,2018,14,1357.098
0 days 00:24:40.762000,1,AllClear,2018,14,1480.762
0 days 00:54:24.938000,2,Yellow,2018,14,3264.938
0 days 00:56:49.323000,1,AllClear,2018,14,3409.323
0 days 00:07:50.402000,1,AllClear,2018,15,470.402
0 days 00:18:58.280000,2,Yellow,2018,15,1138.28
0 days 00:19:09.767000,4,SCDeployed,2018,15,1149.767
0 days 00:28:57.272000,1,AllClear,2018,15,1737.272
0 days 00:00:00,1,AllClear,2018,16,0.0
0 days 00:19:12.622000,2,Yellow,2018,16,1152.622
0 days 00:19:30.434000,1,AllClear,2018,16,1170.434
0 days 00:19:47.345000,2,Yellow,2018,16,1187.345
0 days 00:20:05.237000,1,AllClear,2018,16,1205.237
0 days 00:24:34.322000,2,Yellow,2018,16,1474.322
0 days 00:24:44.044000,1,AllClear,2018,16,1484.044
0 days 00:24:46.876000,2,Yellow,2018,16,1486.876
0 days 00:24:48.184000,1,AllClear,2018,16,1488.184
0 days 00:07:18.242000,1,AllClear,2018,17,438.242
0 days 00:23:40.758000,4,SCDeployed,2018,17,1420.758
0 days 00:32:40.378000,1,AllClear,2018,17,1960.378
0 days 00:34:00.280000,2,Yellow,2018,17,2040.28
0 days 00:34:17.552000,1,AllClear,2018,17,2057.552
0 days 01:24:37.502000,2,Yellow,2018,17,5077.502
0 days 01:24:44.109000,1,AllClear,2018,17,5084.109
0 days 01:25:16.445000,2,Yellow,2018,17,5116.445
0 days 01:26:07.512000,6,VSCDeployed,2018,17,5167.512
0 days 01:27:08.858000,7,VSCEnding,2018,17,5228.858
0 days 01:27:19.093000,1,AllClear,2018,17,5239.093
0 days 00:07:15.932000,1,AllClear,2018,18,435.932
0 days 00:34:13.429000,2,Yellow,2018,18,2053.429
0 days 00:34:31.993000,1,AllClear,2018,18,2071.993
0 days 00:34:48.262000,2,Yellow,2018,18,2088.262
0 days 00:35:04.962000,1,AllClear,2018,18,2104.962
0 days 00:38:06.453000,2,Yellow,2018,18,2286.453
0 days 00:38:16.838000,1,AllClear,2018,18,2296.838
0 days 00:48:09.923000,2,Yellow,2018,18,2889.923
0 days 00:48:10.804000,1,AllClear,2018,18,2890.804
0 days 00:48:11.032000,2,Yellow,2018,18,2891.032
0 days 00:48:25.059000,1,AllClear,2018,18,2905.059
0 days 00:48:36.446000,2,Yellow,2018,18,2916.446
0 days 00:50:23.873000,6,VSCDeployed,2018,18,3023.873
0 days 00:53:07.612000,7,VSCEnding,2018,18,3187.612
0 days 00:53:22.469000,1,AllClear,2018,18,3202.469
0 days 00:05:20.880000,1,AllClear,2018,19,320.88
0 days 00:38:30.932000,2,Yellow,2018,19,2310.932
0 days 00:38:48.936000,1,AllClear,2018,19,2328.936
0 days 00:38:53.651000,2,Yellow,2018,19,2333.651
0 days 00:38:58.567000,6,VSCDeployed,2018,19,2338.567
0 days 00:39:55.469000,7,VSCEnding,2018,19,2395.469
0 days 00:40:06.874000,1,AllClear,2018,19,2406.874
0 days 01:14:15.429000,2,Yellow,2018,19,4455.429
0 days 01:14:41.480000,6,VSCDeployed,2018,19,4481.48
0 days 01:17:37.957000,7,VSCEnding,2018,19,4657.957
0 days 01:17:50.261000,1,AllClear,2018,19,4670.261
0 days 01:57:58.372000,2,Yellow,2018,19,7078.372
0 days 01:58:13.123000,6,VSCDeployed,2018,19,7093.123
0 days 02:00:43.030000,7,VSCEnding,2018,19,7243.03
0 days 02:00:57.466000,1,AllClear,2018,19,7257.466
0 days 00:10:26.889000,1,AllClear,2018,20,626.889
0 days 00:58:44.871000,2,Yellow,2018,20,3524.871
0 days 00:58:46.189000,1,AllClear,2018,20,3526.189
0 days 00:58:50.036000,2,Yellow,2018,20,3530.036
0 days 00:58:55.932000,1,AllClear,2018,20,3535.932
0 days 01:26:58.826000,2,Yellow,2018,20,5218.826
0 days 01:27:11.053000,1,AllClear,2018,20,5231.053
0 days 00:14:50.789000,1,AllClear,2018,21,890.789
0 days 00:34:34.281000,2,Yellow,2018,21,2074.281
0 days 00:34:38.530000,4,SCDeployed,2018,21,2078.53
0 days 00:43:48.619000,1,AllClear,2018,21,2628.619
0 days 00:47:51.675000,2,Yellow,2018,21,2871.675
0 days 00:48:04.656000,6,VSCDeployed,2018,21,2884.656
0 days 00:51:21.870000,7,VSCEnding,2018,21,3081.87
0 days 00:51:34.104000,1,AllClear,2018,21,3094.104
0 days 02:01:04.848000,2,Yellow,2018,21,7264.848
0 days 02:01:34.561000,1,AllClear,2018,21,7294.561
0 days 02:01:36.124000,2,Yellow,2018,21,7296.124
0 days 02:03:00.479000,1,AllClear,2018,21,7380.479
0 days 02:14:57.626000,2,Yellow,2018,21,8097.626
0 days 02:15:13.561000,1,AllClear,2018,21,8113.561
0 days 00:00:00,1,AllClear,2019,1,0.0
0 days 00:34:07.225000,2,Yellow,2019,1,2047.225
0 days 00:34:50.255000,1,AllClear,2019,1,2090.255
0 days 01:19:15.470000,2,Yellow,2019,1,4755.47
0 days 01:19:24.296000,1,AllClear,2019,1,4764.296
0 days 00:11:35.413000,1,AllClear,2019,2,695.413
0 days 00:11:35.413000,2,Yellow,2019,2,695.413
0 days 00:11:35.413000,1,AllClear,2019,2,695.413
0 days 00:34:13.604000,2,Yellow,2019,2,2053.604
0 days 00:34:15.208000,1,AllClear,2019,2,2055.208
0 days 00:34:21.300000,2,Yellow,2019,2,2061.3
0 days 00:34:23.498000,1,AllClear,2019,2,2063.498
0 days 00:34:41.968000,2,Yellow,2019,2,2081.968
0 days 00:34:47.654000,1,AllClear,2019,2,2087.654
0 days 00:34:57.343000,2,Yellow,2019,2,2097.343
0 days 00:35:15.885000,1,AllClear,2019,2,2115.885
0 days 00:36:00.703000,2,Yellow,2019,2,2160.703
0 days 00:36:04.956000,1,AllClear,2019,2,2164.956
0 days 00:39:02.300000,2,Yellow,2019,2,2342.3
0 days 00:39:17.245000,1,AllClear,2019,2,2357.245
0 days 00:42:29.779000,2,Yellow,2019,2,2549.779
0 days 00:42:37.415000,1,AllClear,2019,2,2557.415
0 days 00:52:59.771000,2,Yellow,2019,2,3179.771
0 days 00:53:09.611000,1,AllClear,2019,2,3189.611
0 days 01:34:27.384000,2,Yellow,2019,2,5667.384
0 days 01:34:37.647000,1,AllClear,2019,2,5677.647
0 days 01:38:46.084000,2,Yellow,2019,2,5926.084
0 days 01:38:54.802000,1,AllClear,2019,2,5934.802
0 days 01:42:50.190000,2,Yellow,2019,2,6170.19
0 days 01:42:58.341000,1,AllClear,2019,2,6178.341
0 days 02:00:47.445000,2,Yellow,2019,2,7247.445
0 days 02:02:15.423000,4,SCDeployed,2019,2,7335.423
0 days 00:02:12.673000,1,AllClear,2019,3,132.673
0 days 00:34:16.094000,2,Yellow,2019,3,2056.094
0 days 00:34:21.312000,1,AllClear,2019,3,2061.312
0 days 00:34:52.298000,6,VSCDeployed,2019,3,2092.298
0 days 00:35:43.635000,7,VSCEnding,2019,3,2143.635
0 days 00:35:55.890000,1,AllClear,2019,3,2155.89
0 days 00:00:00,1,AllClear,2019,4,0.0
0 days 00:01:22.039000,2,Yellow,2019,4,82.039
0 days 00:01:26.109000,1,AllClear,2019,4,86.109
0 days 00:01:30.027000,2,Yellow,2019,4,90.027
0 days 00:02:56.309000,1,AllClear,2019,4,176.309
0 days 00:08:19.127000,2,Yellow,2019,4,499.127
0 days 00:08:42.220000,1,AllClear,2019,4,522.22
0 days 00:09:00.023000,2,Yellow,2019,4,540.023
0 days 00:09:03.208000,1,AllClear,2019,4,543.208
0 days 00:29:00.646000,2,Yellow,2019,4,1740.646
0 days 00:29:10.240000,1,AllClear,2019,4,1750.24
0 days 01:29:17.788000,2,Yellow,2019,4,5357.788
0 days 01:30:06.538000,1,AllClear,2019,4,5406.538
0 days 01:32:14.820000,2,Yellow,2019,4,5534.82
0 days 01:32:24.573000,1,AllClear,2019,4,5544.573
0 days 01:43:24.755000,2,Yellow,2019,4,6204.755
0 days 01:43:44.117000,6,VSCDeployed,2019,4,6224.117
0 days 01:46:55.319000,7,VSCEnding,2019,4,6415.319
0 days 01:47:09.895000,1,AllClear,2019,4,6429.895
0 days 00:11:56.307000,1,AllClear,2019,5,716.307
0 days 00:21:29.417000,2,Yellow,2019,5,1289.417
0 days 00:21:34.798000,1,AllClear,2019,5,1294.798
0 days 00:33:44.426000,2,Yellow,2019,5,2024.426
0 days 00:33:52.697000,1,AllClear,2019,5,2032.697
0 days 01:35:42.720000,2,Yellow,2019,5,5742.72
0 days 01:36:08.106000,4,SCDeployed,2019,5,5768.106
0 days 01:50:14.665000,1,AllClear,2019,5,6614.665
0 days 00:04:42.136000,1,AllClear,2019,6,282.136
0 days 00:24:57.650000,2,Yellow,2019,6,1497.65
0 days 00:25:03.853000,1,AllClear,2019,6,1503.853
0 days 00:25:09.482000,2,Yellow,2019,6,1509.482
0 days 00:25:18.636000,1,AllClear,2019,6,1518.636
0 days 00:25:31.865000,2,Yellow,2019,6,1531.865
0 days 00:25:38.079000,1,AllClear,2019,6,1538.079
0 days 00:25:42.701000,2,Yellow,2019,6,1542.701
0 days 00:25:57.176000,1,AllClear,2019,6,1557.176
0 days 00:33:21.929000,2,Yellow,2019,6,2001.929
0 days 00:33:25.453000,1,AllClear,2019,6,2005.453
0 days 00:40:25.914000,2,Yellow,2019,6,2425.914
0 days 00:40:29.162000,1,AllClear,2019,6,2429.162
0 days 00:43:28.466000,2,Yellow,2019,6,2608.466
0 days 00:43:32.405000,1,AllClear,2019,6,2612.405
0 days 00:44:14.388000,2,Yellow,2019,6,2654.388
0 days 00:44:17.198000,1,AllClear,2019,6,2657.198
0 days 00:44:23.408000,2,Yellow,2019,6,2663.408
0 days 00:44:27.879000,1,AllClear,2019,6,2667.879
0 days 00:45:35.018000,2,Yellow,2019,6,2735.018
0 days 00:46:09.007000,4,SCDeployed,2019,6,2769.007
0 days 00:53:09.865000,1,AllClear,2019,6,3189.865
0 days 00:54:25.649000,2,Yellow,2019,6,3265.649
0 days 00:54:27.067000,1,AllClear,2019,6,3267.067
0 days 00:54:42.013000,2,Yellow,2019,6,3282.013
0 days 00:55:06.708000,1,AllClear,2019,6,3306.708
0 days 01:27:54.458000,2,Yellow,2019,6,5274.458
0 days 01:27:57.613000,1,AllClear,2019,6,5277.613
0 days 02:16:37.066000,2,Yellow,2019,6,8197.066
0 days 02:18:18.957000,1,AllClear,2019,6,8298.957
0 days 00:00:00,1,AllClear,2019,7,0.0
0 days 00:33:18.614000,2,Yellow,2019,7,1998.614
0 days 00:33:22.966000,1,AllClear,2019,7,2002.966
0 days 00:33:25.699000,2,Yellow,2019,7,2005.699
0 days 00:33:46.005000,1,AllClear,2019,7,2026.005
0 days 00:34:01.290000,2,Yellow,2019,7,2041.29
0 days 00:34:32.859000,1,AllClear,2019,7,2072.859
0 days 00:44:12.840000,2,Yellow,2019,7,2652.84
0 days 00:47:21.107000,1,AllClear,2019,7,2841.107
0 days 00:48:55.236000,2,Yellow,2019,7,2935.236
0 days 00:50:05.274000,1,AllClear,2019,7,3005.274
0 days 01:11:37.549000,2,Yellow,2019,7,4297.549
0 days 01:12:55.045000,1,AllClear,2019,7,4375.045
0 days 00:07:58.968000,1,AllClear,2019,8,478.968
0 days 01:08:50.612000,2,Yellow,2019,8,4130.612
0 days 01:09:00.562000,1,AllClear,2019,8,4140.562
0 days 01:30:06.581000,2,Yellow,2019,8,5406.581
0 days 01:30:13.252000,1,AllClear,2019,8,5413.252
0 days 01:51:15.945000,2,Yellow,2019,8,6675.945
0 days 01:51:24.673000,1,AllClear,2019,8,6684.673
0 days 01:52:41.127000,2,Yellow,2019,8,6761.127
0 days 01:52:52.485000,6,VSCDeployed,2019,8,6772.485
0 days 01:53:10.512000,7,VSCEnding,2019,8,6790.512
0 days 01:53:25.270000,1,AllClear,2019,8,6805.27
0 days 01:58:44.418000,2,Yellow,2019,8,7124.418
0 days 01:58:47.914000,1,AllClear,2019,8,7127.914
0 days 00:03:49.534000,1,AllClear,2019,9,229.534
0 days 00:11:59.774000,1,AllClear,2019,10,719.774
0 days 01:02:45.401000,2,Yellow,2019,10,3765.401
0 days 01:03:15.462000,4,SCDeployed,2019,10,3795.462
0 days 01:11:05.894000,1,AllClear,2019,10,4265.894
0 days 01:15:42.668000,2,Yellow,2019,10,4542.668
0 days 01:16:07.893000,1,AllClear,2019,10,4567.893
0 days 01:32:10.021000,2,Yellow,2019,10,5530.021
0 days 01:32:25.277000,1,AllClear,2019,10,5545.277
0 days 00:11:48.958000,1,AllClear,2019,11,708.958
0 days 00:43:20.330000,4,SCDeployed,2019,11,2600.33
0 days 00:47:35.862000,1,AllClear,2019,11,2855.862
0 days 01:03:10.874000,2,Yellow,2019,11,3790.874
0 days 01:03:48.061000,6,VSCDeployed,2019,11,3828.061
0 days 01:04:58.741000,7,VSCEnding,2019,11,3898.741
0 days 01:05:12.678000,1,AllClear,2019,11,3912.678
0 days 01:09:52.092000,2,Yellow,2019,11,4192.092
0 days 01:10:11.625000,1,AllClear,2019,11,4211.625
0 days 01:21:50.839000,2,Yellow,2019,11,4910.839
0 days 01:22:11.593000,1,AllClear,2019,11,4931.593
0 days 01:22:42.174000,2,Yellow,2019,11,4962.174
0 days 01:23:17.328000,6,VSCDeployed,2019,11,4997.328
0 days 01:24:46.236000,7,VSCEnding,2019,11,5086.236
0 days 01:24:58.288000,1,AllClear,2019,11,5098.288
0 days 01:25:22.906000,2,Yellow,2019,11,5122.906
0 days 01:25:46.417000,4,SCDeployed,2019,11,5146.417
0 days 01:36:35.078000,1,AllClear,2019,11,5795.078
0 days 01:47:16.087000,2,Yellow,2019,11,6436.087
0 days 01:47:51.607000,4,SCDeployed,2019,11,6471.607
0 days 01:57:04.937000,1,AllClear,2019,11,7024.937
0 days 02:07:25.277000,2,Yellow,2019,11,7645.277
0 days 02:07:31.942000,1,AllClear,2019,11,7651.942
0 days 02:12:25.379000,2,Yellow,2019,11,7945.379
0 days 02:12:44.264000,4,SCDeployed,2019,11,7964.264
0 days 02:17:58.448000,1,AllClear,2019,11,8278.448
0 days 00:06:25.173000,1,AllClear,2019,12,385.173
0 days 00:34:40.576000,2,Yellow,2019,12,2080.576
0 days 00:34:45.606000,1,AllClear,2019,12,2085.606
0 days 00:00:00,1,AllClear,2019,13,0.0
0 days 00:01:13.199000,2,Yellow,2019,13,73.199
0 days 00:02:00.652000,1,AllClear,2019,13,120.652
0 days 00:33:37.550000,2,Yellow,2019,13,2017.55
0 days 00:33:38.896000,1,AllClear,2019,13,2018.896
0 days 00:33:40.221000,2,Yellow,2019,13,2020.221
0 days 00:33:47.489000,1,AllClear,2019,13,2027.489
0 days 00:33:49.537000,2,Yellow,2019,13,2029.537
0 days 00:34:22.787000,4,SCDeployed,2019,13,2062.787
0 days 00:44:30.275000,1,AllClear,2019,13,2670.275
0 days 01:56:15.637000,2,Yellow,2019,13,6975.637
0 days 00:08:06.272000,1,AllClear,2019,14,486.272
0 days 00:33:37.039000,2,Yellow,2019,14,2017.039
0 days 00:33:40.003000,1,AllClear,2019,14,2020.003
0 days 00:37:05.594000,2,Yellow,2019,14,2225.594
0 days 00:37:09.759000,1,AllClear,2019,14,2229.759
0 days 00:41:34.800000,2,Yellow,2019,14,2494.8
0 days 00:41:55.548000,1,AllClear,2019,14,2515.548
0 days 01:12:57.265000,2,Yellow,2019,14,4377.265
0 days 01:13:27.092000,6,VSCDeployed,2019,14,4407.092
0 days 01:14:08.119000,7,VSCEnding,2019,14,4448.119
0 days 01:14:20.568000,1,AllClear,2019,14,4460.568
0 days 01:16:17.115000,2,Yellow,2019,14,4577.115
0 days 01:16:30.375000,6,VSCDeployed,2019,14,4590.375
0 days 01:17:34.771000,7,VSCEnding,2019,14,4654.771
0 days 01:17:49.029000,1,AllClear,2019,14,4669.029
0 days 00:08:25.229000,1,AllClear,2019,15,505.229
0 days 01:37:18.320000,2,Yellow,2019,15,5838.32
0 days 01:38:41.623000,4,SCDeployed,2019,15,5921.623
0 days 01:50:16.051000,1,AllClear,2019,15,6616.051
0 days 01:56:00.932000,2,Yellow,2019,15,6960.932
0 days 01:56:48.216000,4,SCDeployed,2019,15,7008.216
0 days 02:06:01.324000,1,AllClear,2019,15,7561.324
0 days 02:10:11.514000,2,Yellow,2019,15,7811.514
0 days 02:10:12.138000,1,AllClear,2019,15,7812.138
0 days 02:10:13.449000,2,Yellow,2019,15,7813.449
0 days 02:11:01.543000,4,SCDeployed,2019,15,7861.543
0 days 02:14:30.971000,1,AllClear,2019,15,8070.971
0 days 00:00:00,1,AllClear,2019,16,0.0
0 days 00:34:04.751000,2,Yellow,2019,16,2044.751
0 days 00:34:21.605000,4,SCDeployed,2019,16,2061.605
0 days 00:40:44.764000,1,AllClear,2019,16,2444.764
0 days 01:20:48.652000,2,Yellow,2019,16,4848.652
0 days 01:21:20.030000,6,VSCDeployed,2019,16,4880.03
0 days 01:23:29.896000,7,VSCEnding,2019,16,5009.896
0 days 01:23:39.990000,1,AllClear,2019,16,5019.99
0 days 01:23:53.196000,2,Yellow,2019,16,5033.196
0 days 01:24:29.364000,4,SCDeployed,2019,16,5069.364
0 days 01:32:58.607000,1,AllClear,2019,16,5578.607
0 days 00:10:00.843000,1,AllClear,2019,17,600.843
0 days 00:38:41.877000,2,Yellow,2019,17,2321.877
0 days 00:38:53.609000,1,AllClear,2019,17,2333.609
0 days 01:56:01.099000,2,Yellow,2019,17,6961.099
0 days 02:01:04.937000,1,AllClear,2019,17,7264.937
0 days 00:00:00,1,AllClear,2019,18,0.0
0 days 00:34:13.665000,6,VSCDeployed,2019,18,2053.665
0 days 00:36:25.134000,7,VSCEnding,2019,18,2185.134
0 days 00:36:44.204000,1,AllClear,2019,18,2204.204
0 days 00:40:12.845000,2,Yellow,2019,18,2412.845
0 days 00:40:29.452000,1,AllClear,2019,18,2429.452
0 days 02:10:07.154000,2,Yellow,2019,18,7807.154
0 days 02:10:11.735000,1,AllClear,2019,18,7811.735
0 days 00:00:00,1,AllClear,2019,19,0.0
0 days 00:46:39.218000,2,Yellow,2019,19,2799.218
0 days 00:47:43.187000,1,AllClear,2019,19,2863.187
0 days 02:04:25.783000,2,Yellow,2019,19,7465.783
0 days 00:00:00,1,AllClear,2019,20,0.0
0 days 00:42:23.641000,2,Yellow,2019,20,2543.641
0 days 00:42:30.955000,1,AllClear,2019,20,2550.955
0 days 01:37:05.268000,2,Yellow,2019,20,5825.268
0 days 01:38:43.182000,4,SCDeployed,2019,20,5923.182
0 days 01:48:57.038000,1,AllClear,2019,20,6537.038
0 days 01:57:18.072000,4,SCDeployed,2019,20,7038.072
0 days 02:03:13.891000,1,AllClear,2019,20,7393.891
0 days 02:04:43.624000,2,Yellow,2019,20,7483.624
0 days 02:04:51.254000,1,AllClear,2019,20,7491.254
0 days 00:00:00,1,AllClear,2019,21,0.0
0 days 00:33:44.715000,2,Yellow,2019,21,2024.715
0 days 00:34:50.953000,1,AllClear,2019,21,2090.953
0 days 00:07:56.420000,1,AllClear,2020,1,476.42
0 days 00:56:21.333000,2,Yellow,2020,1,3381.333
0 days 00:56:30.327000,1,AllClear,2020,1,3390.327
0 days 01:01:52.836000,2,Yellow,2020,1,3712.836
0 days 01:02:31.497000,4,SCDeployed,2020,1,3751.497
0 days 01:10:47.603000,1,AllClear,2020,1,4247.603
0 days 01:11:20.892000,2,Yellow,2020,1,4280.892
0 days 01:11:28.620000,1,AllClear,2020,1,4288.62
0 days 01:34:24.520000,2,Yellow,2020,1,5664.52
0 days 01:34:38.932000,4,SCDeployed,2020,1,5678.932
0 days 01:40:24.625000,1,AllClear,2020,1,6024.625
0 days 01:40:34.511000,2,Yellow,2020,1,6034.511
0 days 01:40:55.235000,4,SCDeployed,2020,1,6055.235
0 days 01:51:02.467000,1,AllClear,2020,1,6662.467
0 days 02:00:34.428000,2,Yellow,2020,1,7234.428
0 days 02:01:44.898000,1,AllClear,2020,1,7304.898
0 days 02:01:58.819000,2,Yellow,2020,1,7318.819
0 days 02:02:12.139000,1,AllClear,2020,1,7332.139
0 days 00:04:24.927000,1,AllClear,2020,2,264.927
0 days 00:33:51.938000,4,SCDeployed,2020,2,2031.938
0 days 00:37:48.141000,1,AllClear,2020,2,2268.141
0 days 00:38:54.114000,2,Yellow,2020,2,2334.114
0 days 00:39:02.739000,1,AllClear,2020,2,2342.739
0 days 00:00:00,1,AllClear,2020,3,0.0
0 days 00:07:17.355000,2,Yellow,2020,3,437.355
0 days 00:07:35.050000,1,AllClear,2020,3,455.05
0 days 00:38:34.469000,2,Yellow,2020,3,2314.469
0 days 00:38:48.369000,1,AllClear,2020,3,2328.369
0 days 00:39:43.759000,2,Yellow,2020,3,2383.759
0 days 00:39:47.570000,1,AllClear,2020,3,2387.57
0 days 01:31:42.461000,2,Yellow,2020,3,5502.461
0 days 01:31:58.377000,1,AllClear,2020,3,5518.377
0 days 00:08:44.159000,1,AllClear,2020,4,524.159
0 days 00:35:07.230000,2,Yellow,2020,4,2107.23
0 days 00:35:21.022000,4,SCDeployed,2020,4,2121.022
0 days 00:44:16.115000,1,AllClear,2020,4,2656.115
0 days 00:54:57.839000,2,Yellow,2020,4,3297.839
0 days 00:55:05.878000,4,SCDeployed,2020,4,3305.878
0 days 01:09:55.304000,1,AllClear,2020,4,4195.304
0 days 01:54:26.907000,2,Yellow,2020,4,6866.907
0 days 01:54:31.901000,1,AllClear,2020,4,6871.901
0 days 00:00:00,1,AllClear,2020,5,0.0
0 days 00:33:31.095000,2,Yellow,2020,5,2011.095
0 days 00:33:39.012000,1,AllClear,2020,5,2019.012
0 days 01:20:40.834000,2,Yellow,2020,5,4840.834
0 days 01:20:49.323000,1,AllClear,2020,5,4849.323
0 days 00:06:02.707000,1,AllClear,2020,6,362.707
0 days 01:24:54.341000,2,Yellow,2020,6,5094.341
0 days 01:25:39.088000,1,AllClear,2020,6,5139.088
0 days 00:14:39.519000,1,AllClear,2020,7,879.519
0 days 00:14:39.519000,2,Yellow,2020,7,879.519
0 days 00:14:39.519000,1,AllClear,2020,7,879.519
0 days 00:52:08.373000,2,Yellow,2020,7,3128.373
0 days 00:52:19.307000,4,SCDeployed,2020,7,3139.307
0 days 01:03:21.213000,1,AllClear,2020,7,3801.213
0 days 01:58:27.186000,2,Yellow,2020,7,7107.186
0 days 01:58:50.626000,1,AllClear,2020,7,7130.626
0 days 02:00:38.487000,2,Yellow,2020,7,7238.487
0 days 00:00:00,1,AllClear,2020,8,0.0
0 days 00:44:43.018000,2,Yellow,2020,8,2683.018
0 days 00:45:01.840000,1,AllClear,2020,8,2701.84
0 days 01:00:35.255000,2,Yellow,2020,8,3635.255
0 days 01:01:35.482000,4,SCDeployed,2020,8,3695.482
0 days 01:08:43.757000,1,AllClear,2020,8,4123.757
0 days 01:10:21.987000,2,Yellow,2020,8,4221.987
0 days 01:10:26.773000,4,SCDeployed,2020,8,4226.773
0 days 01:13:02.308000,5,Red,2020,8,4382.308
0 days 01:34:01.075000,1,AllClear,2020,8,5641.075
0 days 00:01:19.369000,1,AllClear,2020,9,79.369
0 days 00:33:50.287000,2,Yellow,2020,9,2030.287
0 days 00:34:03.516000,4,SCDeployed,2020,9,2043.516
0 days 00:46:35.103000,1,AllClear,2020,9,2795.103
0 days 00:46:52.739000,2,Yellow,2020,9,2812.739
0 days 00:46:57.296000,4,SCDeployed,2020,9,2817.296
0 days 00:49:34.491000,5,Red,2020,9,2974.491
0 days 01:14:11.784000,1,AllClear,2020,9,4451.784
0 days 02:05:40.977000,2,Yellow,2020,9,7540.977
0 days 02:05:54.264000,4,SCDeployed,2020,9,7554.264
0 days 02:09:44.391000,5,Red,2020,9,7784.391
0 days 02:28:01.392000,1,AllClear,2020,9,8881.392
0 days 00:07:43.184000,1,AllClear,2020,10,463.184
0 days 00:34:06.948000,2,Yellow,2020,10,2046.948
0 days 00:34:32.789000,4,SCDeployed,2020,10,2072.789
0 days 00:47:13.597000,1,AllClear,2020,10,2833.597
0 days 01:49:53.243000,6,VSCDeployed,2020,10,6593.243
0 days 01:50:18.948000,7,VSCEnding,2020,10,6618.948
0 days 01:50:33.695000,1,AllClear,2020,10,6633.695
0 days 02:11:41.425000,2,Yellow,2020,10,7901.425
0 days 00:03:10.938000,1,AllClear,2020,11,190.938
0 days 00:19:50.532000,2,Yellow,2020,11,1190.532
0 days 00:19:55.120000,1,AllClear,2020,11,1195.12
0 days 00:20:08.332000,2,Yellow,2020,11,1208.332
0 days 00:20:19.942000,1,AllClear,2020,11,1219.942
0 days 00:24:07.065000,6,VSCDeployed,2020,11,1447.065
0 days 00:25:11.222000,7,VSCEnding,2020,11,1511.222
0 days 00:25:23.675000,1,AllClear,2020,11,1523.675
0 days 00:25:53.043000,2,Yellow,2020,11,1553.043
0 days 00:29:45.733000,1,AllClear,2020,11,1785.733
0 days 01:07:40.570000,2,Yellow,2020,11,4060.57
0 days 01:08:33.328000,4,SCDeployed,2020,11,4113.328
0 days 01:19:20.193000,1,AllClear,2020,11,4760.193
0 days 00:09:52.059000,1,AllClear,2020,12,592.059
0 days 00:33:36.599000,2,Yellow,2020,12,2016.599
0 days 00:33:44.599000,1,AllClear,2020,12,2024.599
0 days 00:07:45.636000,1,AllClear,2020,13,465.636
0 days 00:33:34.595000,2,Yellow,2020,13,2014.595
0 days 00:33:36.095000,1,AllClear,2020,13,2016.095
0 days 00:33:43.625000,2,Yellow,2020,13,2023.625
0 days 00:34:09.986000,1,AllClear,2020,13,2049.986
0 days 01:11:10.759000,2,Yellow,2020,13,4270.759
0 days 01:12:38.062000,6,VSCDeployed,2020,13,4358.062
0 days 01:13:02.099000,7,VSCEnding,2020,13,4382.099
0 days 01:13:15.888000,1,AllClear,2020,13,4395.888
0 days 01:39:57.577000,2,Yellow,2020,13,5997.577
0 days 01:40:35.530000,4,SCDeployed,2020,13,6035.53
0 days 01:53:53.388000,1,AllClear,2020,13,6833.388
0 days 01:54:36.713000,2,Yellow,2020,13,6876.713
0 days 01:54:44.245000,1,AllClear,2020,13,6884.245
0 days 00:00:00,2,Yellow,2020,14,0.0
0 days 00:01:06.485000,1,AllClear,2020,14,66.485
0 days 00:33:41.378000,2,Yellow,2020,14,2021.378
0 days 00:33:50.775000,1,AllClear,2020,14,2030.775
0 days 00:34:49.880000,2,Yellow,2020,14,2089.88
0 days 00:34:54.190000,1,AllClear,2020,14,2094.19
0 days 00:35:03.673000,2,Yellow,2020,14,2103.673
0 days 00:35:10.183000,1,AllClear,2020,14,2110.183
0 days 00:35:37.610000,2,Yellow,2020,14,2137.61
0 days 00:35:48.638000,1,AllClear,2020,14,2148.638
0 days 00:57:18.090000,2,Yellow,2020,14,3438.09
0 days 00:58:00.357000,6,VSCDeployed,2020,14,3480.357
0 days 01:00:58.764000,7,VSCEnding,2020,14,3658.764
0 days 01:01:13.477000,1,AllClear,2020,14,3673.477
0 days 01:05:47.991000,2,Yellow,2020,14,3947.991
0 days 01:05:52.931000,1,AllClear,2020,14,3952.931
0 days 01:07:18.983000,2,Yellow,2020,14,4038.983
0 days 01:07:30.587000,1,AllClear,2020,14,4050.587
0 days 01:07:30.845000,2,Yellow,2020,14,4050.845
0 days 01:07:38.360000,1,AllClear,2020,14,4058.36
0 days 01:12:33.271000,2,Yellow,2020,14,4353.271
0 days 01:12:43.898000,1,AllClear,2020,14,4363.898
0 days 01:34:11.005000,2,Yellow,2020,14,5651.005
0 days 01:34:16.959000,1,AllClear,2020,14,5656.959
0 days 01:43:12.110000,2,Yellow,2020,14,6192.11
0 days 01:43:35.327000,1,AllClear,2020,14,6215.327
0 days 01:44:32.852000,2,Yellow,2020,14,6272.852
0 days 01:44:38.466000,1,AllClear,2020,14,6278.466
0 days 01:45:34.843000,2,Yellow,2020,14,6334.843
0 days 01:45:45.067000,1,AllClear,2020,14,6345.067
0 days 01:45:55.860000,2,Yellow,2020,14,6355.86
0 days 01:46:04.110000,1,AllClear,2020,14,6364.11
0 days 01:46:09.782000,2,Yellow,2020,14,6369.782
0 days 01:46:19.593000,1,AllClear,2020,14,6379.593
0 days 01:59:03.771000,2,Yellow,2020,14,7143.771
0 days 01:59:16.770000,1,AllClear,2020,14,7156.77
0 days 02:00:04.231000,2,Yellow,2020,14,7204.231
0 days 02:00:09.740000,1,AllClear,2020,14,7209.74
0 days 02:03:34.240000,2,Yellow,2020,14,7414.24
0 days 02:03:42.880000,1,AllClear,2020,14,7422.88
0 days 02:18:45.269000,2,Yellow,2020,14,8325.269
0 days 02:18:49.317000,1,AllClear,2020,14,8329.317
0 days 02:18:57.752000,2,Yellow,2020,14,8337.752
0 days 00:00:00,2,Yellow,2020,15,0.0
0 days 00:00:25.693000,1,AllClear,2020,15,25.693
0 days 00:34:07.560000,5,Red,2020,15,2047.56
0 days 01:50:00.706000,1,AllClear,2020,15,6600.706
0 days 02:00:12.487000,2,Yellow,2020,15,7212.487
0 days 02:00:18.673000,4,SCDeployed,2020,15,7218.673
0 days 02:13:13.766000,1,AllClear,2020,15,7993.766
0 days 02:21:15.688000,2,Yellow,2020,15,8475.688
0 days 02:21:24.246000,1,AllClear,2020,15,8484.246
0 days 03:26:29.779000,2,Yellow,2020,15,12389.779
0 days 03:26:34.944000,4,SCDeployed,2020,15,12394.944
0 days 00:00:00,1,AllClear,2020,16,0.0
0 days 00:33:21.268000,2,Yellow,2020,16,2001.268
0 days 00:33:23.916000,4,SCDeployed,2020,16,2003.916
0 days 00:41:22.426000,1,AllClear,2020,16,2482.426
0 days 01:28:10.248000,2,Yellow,2020,16,5290.248
0 days 01:28:53.834000,6,VSCDeployed,2020,16,5333.834
0 days 01:29:35.990000,7,VSCEnding,2020,16,5375.99
0 days 01:29:48.810000,1,AllClear,2020,16,5388.81
0 days 01:34:56.255000,2,Yellow,2020,16,5696.255
0 days 01:34:58.235000,1,AllClear,2020,16,5698.235
0 days 01:34:58.949000,2,Yellow,2020,16,5698.949
0 days 01:35:01.202000,1,AllClear,2020,16,5701.202
0 days 01:35:09.968000,2,Yellow,2020,16,5709.968
0 days 01:35:17.792000,6,VSCDeployed,2020,16,5717.792
0 days 01:36:18.690000,4,SCDeployed,2020,16,5778.69
0 days 01:45:48.950000,1,AllClear,2020,16,6348.95
0 days 00:08:40.721000,1,AllClear,2020,17,520.721
0 days 00:49:19.126000,2,Yellow,2020,17,2959.126
0 days 00:49:35.215000,6,VSCDeployed,2020,17,2975.215
0 days 00:52:35.245000,4,SCDeployed,2020,17,3155.245
0 days 00:58:45.423000,1,AllClear,2020,17,3525.423
0 days 00:00:00,1,AllClear,2021,1,0.0
0 days 00:27:39.918000,2,Yellow,2021,1,1659.918
0 days 00:27:41.288000,1,AllClear,2021,1,1661.288
0 days 00:37:34.997000,2,Yellow,2021,1,2254.997
0 days 00:38:12.198000,4,SCDeployed,2021,1,2292.198
0 days 00:43:48.936000,1,AllClear,2021,1,2628.936
0 days 00:44:47.777000,2,Yellow,2021,1,2687.777
0 days 00:45:01.019000,1,AllClear,2021,1,2701.019
0 days 00:45:33.063000,6,VSCDeployed,2021,1,2733.063
0 days 00:46:16.419000,7,VSCEnding,2021,1,2776.419
0 days 00:46:29.986000,1,AllClear,2021,1,2789.986
0 days 01:50:13.169000,2,Yellow,2021,1,6613.169
0 days 01:50:20.738000,1,AllClear,2021,1,6620.738
0 days 00:00:00,1,AllClear,2021,2,0.0
0 days 00:03:33.085000,2,Yellow,2021,2,213.085
0 days 00:09:36.333000,1,AllClear,2021,2,576.333
0 days 00:34:32.243000,2,Yellow,2021,2,2072.243
0 days 00:34:36.760000,1,AllClear,2021,2,2076.76
0 days 00:34:45.778000,2,Yellow,2021,2,2085.778
0 days 00:34:55.943000,4,SCDeployed,2021,2,2095.943
0 days 00:46:44.410000,1,AllClear,2021,2,2804.41
0 days 00:52:36.021000,2,Yellow,2021,2,3156.021
0 days 00:52:41.451000,1,AllClear,2021,2,3161.451
0 days 00:57:16.023000,2,Yellow,2021,2,3436.023
0 days 00:57:18.095000,1,AllClear,2021,2,3438.095
0 days 01:23:30.732000,2,Yellow,2021,2,5010.732
0 days 01:24:44.242000,4,SCDeployed,2021,2,5084.242
0 days 01:27:40.736000,5,Red,2021,2,5260.736
0 days 01:49:48.562000,1,AllClear,2021,2,6588.562
0 days 01:58:09.632000,2,Yellow,2021,2,7089.632
0 days 01:58:29.648000,1,AllClear,2021,2,7109.648
0 days 02:02:24.487000,2,Yellow,2021,2,7344.487
0 days 02:02:40.089000,1,AllClear,2021,2,7360.089
0 days 02:33:24.703000,2,Yellow,2021,2,9204.703
0 days 02:33:32.700000,1,AllClear,2021,2,9212.7
0 days 00:00:00,1,AllClear,2021,3,0.0
0 days 00:35:04.391000,4,SCDeployed,2021,3,2104.391
0 days 00:44:53.571000,1,AllClear,2021,3,2693.571
0 days 00:13:38.039000,1,AllClear,2021,4,818.039
0 days 00:43:22.754000,2,Yellow,2021,4,2602.754
0 days 00:44:22.323000,4,SCDeployed,2021,4,2662.323
0 days 00:48:47.890000,1,AllClear,2021,4,2927.89
0 days 00:00:00,1,AllClear,2021,5,0.0
0 days 00:02:49.680000,1,AllClear,2021,6,169.68
0 days 00:27:39.207000,2,Yellow,2021,6,1659.207
0 days 00:27:48.096000,1,AllClear,2021,6,1668.096
0 days 00:28:26.329000,2,Yellow,2021,6,1706.329
0 days 00:28:30.945000,1,AllClear,2021,6,1710.945
0 days 00:32:17.953000,2,Yellow,2021,6,1937.953
0 days 00:32:19.329000,1,AllClear,2021,6,1939.329
0 days 00:33:27.961000,2,Yellow,2021,6,2007.961
0 days 00:33:32.467000,1,AllClear,2021,6,2012.467
0 days 00:41:04.172000,2,Yellow,2021,6,2464.172
0 days 00:41:08.798000,1,AllClear,2021,6,2468.798
0 days 00:53:27.543000,2,Yellow,2021,6,3207.543
0 days 00:53:51.158000,1,AllClear,2021,6,3231.158
0 days 01:15:29.316000,2,Yellow,2021,6,4529.316
0 days 01:15:31.501000,1,AllClear,2021,6,4531.501
0 days 01:17:24.211000,2,Yellow,2021,6,4644.211
0 days 01:17:34.620000,1,AllClear,2021,6,4654.62
0 days 01:27:57.646000,2,Yellow,2021,6,5277.646
0 days 01:28:32.488000,4,SCDeployed,2021,6,5312.488
0 days 01:41:42.267000,1,AllClear,2021,6,6102.267
0 days 02:01:37.754000,2,Yellow,2021,6,7297.754
0 days 02:02:46.814000,4,SCDeployed,2021,6,7366.814
0 days 02:06:03.265000,5,Red,2021,6,7563.265
0 days 02:08:36.346000,1,AllClear,2021,6,7716.346
0 days 02:10:24.360000,2,Yellow,2021,6,7824.36
0 days 02:10:37.354000,1,AllClear,2021,6,7837.354
0 days 02:44:10.459000,2,Yellow,2021,6,9850.459
0 days 02:44:16.002000,1,AllClear,2021,6,9856.002
0 days 02:48:39.043000,2,Yellow,2021,6,10119.043
0 days 02:50:42.346000,1,AllClear,2021,6,10242.346
0 days 00:01:22.354000,1,AllClear,2021,7,82.354
0 days 00:00:00,1,AllClear,2021,8,0.0
0 days 00:33:34.794000,2,Yellow,2021,8,2014.794
0 days 00:33:38.604000,1,AllClear,2021,8,2018.604
0 days 00:14:34.915000,1,AllClear,2021,9,874.915
0 days 01:02:54.246000,4,SCDeployed,2021,9,3774.246
0 days 01:06:57.843000,1,AllClear,2021,9,4017.843
0 days 02:25:40.520000,2,Yellow,2021,9,8740.52
0 days 02:26:42.654000,1,AllClear,2021,9,8802.654
0 days 00:02:51.800000,1,AllClear,2021,10,171.8
0 days 00:02:51.800000,2,Yellow,2021,10,171.8
0 days 00:07:27.496000,1,AllClear,2021,10,447.496
0 days 00:21:27.130000,2,Yellow,2021,10,1287.13
0 days 00:21:33.982000,1,AllClear,2021,10,1293.982
0 days 01:03:17.629000,2,Yellow,2021,10,3797.629
0 days 01:03:31.052000,4,SCDeployed,2021,10,3811.052
0 days 01:05:38.849000,5,Red,2021,10,3938.849
0 days 01:30:42.127000,1,AllClear,2021,10,5442.127
0 days 01:46:06.806000,2,Yellow,2021,10,6366.806
0 days 01:46:15.709000,1,AllClear,2021,10,6375.709
0 days 02:52:54.926000,2,Yellow,2021,10,10374.926
0 days 02:53:04.718000,1,AllClear,2021,10,10384.718
0 days 00:07:00.122000,1,AllClear,2021,11,420.122
0 days 01:02:29.505000,2,Yellow,2021,11,3749.505
0 days 01:03:23.239000,4,SCDeployed,2021,11,3803.239
0 days 01:06:15.187000,5,Red,2021,11,3975.187
0 days 01:21:35.973000,1,AllClear,2021,11,4895.973
0 days 02:57:17.504000,2,Yellow,2021,11,10637.504
0 days 02:57:23.516000,1,AllClear,2021,11,10643.516
0 days 03:08:31.789000,2,Yellow,2021,11,11311.789
0 days 00:00:00,1,AllClear,2021,12,0.0
0 days 00:25:25.432000,2,Yellow,2021,12,1525.432
0 days 00:32:17.778000,1,AllClear,2021,12,1937.778
0 days 01:29:40.939000,5,Red,2021,12,5380.939
0 days 04:10:20.221000,1,AllClear,2021,12,15020.221
0 days 04:24:35.144000,5,Red,2021,12,15875.144
0 days 00:00:00,1,AllClear,2021,13,0.0
0 days 01:48:13.346000,2,Yellow,2021,13,6493.346
0 days 01:48:20.519000,1,AllClear,2021,13,6500.519
0 days 00:00:00,2,Yellow,2021,14,0.0
0 days 00:07:57.070000,1,AllClear,2021,14,477.07
0 days 01:03:01.414000,2,Yellow,2021,14,3781.414
0 days 01:03:10.010000,1,AllClear,2021,14,3790.01
0 days 01:03:21.515000,6,VSCDeployed,2021,14,3801.515
0 days 01:04:00.484000,7,VSCEnding,2021,14,3840.484
0 days 01:04:10.726000,1,AllClear,2021,14,3850.726
0 days 01:39:26.397000,2,Yellow,2021,14,5966.397
0 days 01:39:40.973000,4,SCDeployed,2021,14,5980.973
0 days 01:50:52.042000,1,AllClear,2021,14,6652.042
0 days 01:53:07.940000,2,Yellow,2021,14,6787.94
0 days 01:53:17.838000,1,AllClear,2021,14,6797.838
0 days 02:06:06.050000,2,Yellow,2021,14,7566.05
0 days 02:06:32.398000,1,AllClear,2021,14,7592.398
0 days 02:09:25.958000,2,Yellow,2021,14,7765.958
0 days 02:10:03.983000,6,VSCDeployed,2021,14,7803.983
0 days 02:10:59.312000,7,VSCEnding,2021,14,7859.312
0 days 02:11:10.949000,1,AllClear,2021,14,7870.949
0 days 00:00:00,1,AllClear,2021,15,0.0
0 days 01:05:20.560000,2,Yellow,2021,15,3920.56
0 days 01:05:38.804000,1,AllClear,2021,15,3938.804
0 days 02:22:19.389000,2,Yellow,2021,15,8539.389
0 days 02:22:20.695000,1,AllClear,2021,15,8540.695
0 days 02:22:23.311000,2,Yellow,2021,15,8543.311
0 days 02:22:28.703000,1,AllClear,2021,15,8548.703
0 days 02:23:48.889000,2,Yellow,2021,15,8628.889
0 days 02:23:56.244000,1,AllClear,2021,15,8636.244
0 days 02:24:03.459000,2,Yellow,2021,15,8643.459
0 days 02:24:07.039000,1,AllClear,2021,15,8647.039
0 days 02:28:34.381000,2,Yellow,2021,15,8914.381
0 days 02:28:39.190000,1,AllClear,2021,15,8919.19
0 days 02:28:52.985000,2,Yellow,2021,15,8932.985
0 days 02:29:16.753000,1,AllClear,2021,15,8956.753
0 days 02:29:40.179000,2,Yellow,2021,15,8980.179
0 days 02:30:01.080000,1,AllClear,2021,15,9001.08
0 days 00:00:00,2,Yellow,2021,16,0.0
0 days 00:06:29.703000,1,AllClear,2021,16,389.703
0 days 00:33:30.711000,2,Yellow,2021,16,2010.711
0 days 00:33:40.018000,1,AllClear,2021,16,2020.018
0 days 01:02:34.600000,2,Yellow,2021,16,3754.6
0 days 01:02:38.755000,1,AllClear,2021,16,3758.755
0 days 01:03:41.022000,2,Yellow,2021,16,3821.022
0 days 01:03:53.827000,1,AllClear,2021,16,3833.827
0 days 01:04:35.505000,2,Yellow,2021,16,3875.505
0 days 01:04:40.746000,1,AllClear,2021,16,3880.746
0 days 01:37:09.369000,2,Yellow,2021,16,5829.369
0 days 01:37:15.408000,1,AllClear,2021,16,5835.408
0 days 02:00:43.862000,2,Yellow,2021,16,7243.862
0 days 02:00:47.732000,1,AllClear,2021,16,7247.732
0 days 02:01:14.067000,2,Yellow,2021,16,7274.067
0 days 02:01:15.601000,1,AllClear,2021,16,7275.601
0 days 00:00:00,1,AllClear,2021,17,0.0
0 days 01:02:52.943000,2,Yellow,2021,17,3772.943
0 days 01:03:15.704000,1,AllClear,2021,17,3795.704
0 days 01:48:33.645000,6,VSCDeployed,2021,17,6513.645
0 days 01:48:53.725000,7,VSCEnding,2021,17,6533.725
0 days 01:49:06.486000,1,AllClear,2021,17,6546.486
0 days 02:31:31.754000,2,Yellow,2021,17,9091.754
0 days 02:31:35.851000,1,AllClear,2021,17,9095.851
0 days 00:00:00,2,Yellow,2021,18,0.0
0 days 00:07:05.555000,1,AllClear,2021,18,425.555
0 days 01:02:25.133000,2,Yellow,2021,18,3745.133
0 days 01:03:02.255000,4,SCDeployed,2021,18,3782.255
0 days 01:10:07.807000,1,AllClear,2021,18,4207.807
0 days 00:13:56.358000,1,AllClear,2021,19,836.358
0 days 01:08:53.051000,4,SCDeployed,2021,19,4133.051
0 days 01:15:55.042000,1,AllClear,2021,19,4555.042
0 days 01:19:10.057000,6,VSCDeployed,2021,19,4750.057
0 days 01:22:28.753000,7,VSCEnding,2021,19,4948.753
0 days 01:22:40.247000,1,AllClear,2021,19,4960.247
0 days 01:43:09.876000,6,VSCDeployed,2021,19,6189.876
0 days 01:43:57.781000,7,VSCEnding,2021,19,6237.781
0 days 01:44:11.332000,1,AllClear,2021,19,6251.332
0 days 00:00:03.111000,2,Yellow,2021,20,3.111
0 days 00:03:52.277000,1,AllClear,2021,20,232.277
0 days 00:03:59.214000,2,Yellow,2021,20,239.214
0 days 00:04:01.194000,1,AllClear,2021,20,241.194
0 days 00:04:05.123000,2,Yellow,2021,20,245.123
0 days 00:04:07.302000,1,AllClear,2021,20,247.302
0 days 00:04:15.014000,2,Yellow,2021,20,255.014
0 days 00:04:16.350000,1,AllClear,2021,20,256.35
0 days 00:04:18.118000,2,Yellow,2021,20,258.118
0 days 00:04:20.445000,1,AllClear,2021,20,260.445
0 days 00:04:32.642000,2,Yellow,2021,20,272.642
0 days 00:04:34.814000,1,AllClear,2021,20,274.814
0 days 01:00:55.060000,2,Yellow,2021,20,3655.06
0 days 01:00:56.400000,1,AllClear,2021,20,3656.4
0 days 01:51:29.252000,2,Yellow,2021,20,6689.252
0 days 01:51:51.290000,1,AllClear,2021,20,6711.29
0 days 01:52:03.476000,2,Yellow,2021,20,6723.476
0 days 01:52:14.727000,1,AllClear,2021,20,6734.727
0 days 02:16:44.912000,2,Yellow,2021,20,8204.912
0 days 02:16:52.398000,1,AllClear,2021,20,8212.398
0 days 02:16:53.692000,2,Yellow,2021,20,8213.692
0 days 02:17:00.909000,1,AllClear,2021,20,8220.909
0 days 02:19:19.105000,2,Yellow,2021,20,8359.105
0 days 02:19:21.483000,1,AllClear,2021,20,8361.483
0 days 02:23:09.971000,6,VSCDeployed,2021,20,8589.971
0 days 02:25:47.258000,7,VSCEnding,2021,20,8747.258
0 days 02:25:59.667000,1,AllClear,2021,20,8759.667
0 days 00:00:00,1,AllClear,2021,21,0.0
0 days 00:30:53.856000,2,Yellow,2021,21,1853.856
0 days 00:31:12.451000,1,AllClear,2021,21,1872.451
0 days 00:50:13.042000,2,Yellow,2021,21,3013.042
0 days 00:50:14.845000,1,AllClear,2021,21,3014.845
0 days 01:15:58.449000,2,Yellow,2021,21,4558.449
0 days 01:16:10.264000,4,SCDeployed,2021,21,4570.264
0 days 01:24:52.688000,5,Red,2021,21,5092.688
0 days 01:34:21.474000,1,AllClear,2021,21,5661.474
0 days 01:47:47.276000,2,Yellow,2021,21,6467.276
0 days 01:48:22.569000,5,Red,2021,21,6502.569
0 days 02:00:34.203000,1,AllClear,2021,21,7234.203
0 days 02:22:23.419000,2,Yellow,2021,21,8543.419
0 days 02:23:10.025000,6,VSCDeployed,2021,21,8590.025
0 days 02:24:58.871000,7,VSCEnding,2021,21,8698.871
0 days 02:25:09.931000,1,AllClear,2021,21,8709.931
0 days 02:30:07.808000,6,VSCDeployed,2021,21,9007.808
0 days 02:30:43.353000,7,VSCEnding,2021,21,9043.353
0 days 02:30:58.271000,1,AllClear,2021,21,9058.271
0 days 02:33:02.530000,6,VSCDeployed,2021,21,9182.53
0 days 02:40:12.660000,7,VSCEnding,2021,21,9612.66
0 days 02:40:23.767000,1,AllClear,2021,21,9623.767
0 days 02:44:52.318000,6,VSCDeployed,2021,21,9892.318
0 days 02:45:26.606000,7,VSCEnding,2021,21,9926.606
0 days 02:45:39.453000,1,AllClear,2021,21,9939.453
0 days 00:00:00,1,AllClear,2021,22,0.0
0 days 01:40:06.247000,2,Yellow,2021,22,6006.247
0 days 01:40:47.317000,1,AllClear,2021,22,6047.317
0 days 01:55:03.019000,6,VSCDeployed,2021,22,6903.019
0 days 01:57:53.608000,7,VSCEnding,2021,22,7073.608
0 days 01:58:06.176000,1,AllClear,2021,22,7086.176
0 days 02:20:38.379000,2,Yellow,2021,22,8438.379
0 days 02:20:54.313000,4,SCDeployed,2021,22,8454.313
0 days 02:31:02.298000,1,AllClear,2021,22,9062.298
0 days 00:13:36.667000,1,AllClear,2022,1,816.667
0 days 01:25:49.895000,2,Yellow,2022,1,5149.895
0 days 01:25:58.557000,1,AllClear,2022,1,5158.557
0 days 02:17:19.828000,6,VSCDeployed,2022,1,8239.828
0 days 02:17:39.726000,4,SCDeployed,2022,1,8259.726
0 days 02:28:54.157000,1,AllClear,2022,1,8934.157
0 days 02:38:53.199000,2,Yellow,2022,1,9533.199
0 days 00:00:00,1,AllClear,2022,2,0.0
0 days 00:01:46.583000,2,Yellow,2022,2,106.583
0 days 00:11:00.955000,1,AllClear,2022,2,660.955
0 days 00:24:06.423000,2,Yellow,2022,2,1446.423
0 days 00:31:02.766000,1,AllClear,2022,2,1862.766
0 days 01:27:06.240000,2,Yellow,2022,2,5226.24
0 days 01:27:32.923000,6,VSCDeployed,2022,2,5252.923
0 days 01:27:51.962000,4,SCDeployed,2022,2,5271.962
0 days 01:38:40.471000,1,AllClear,2022,2,5920.471
0 days 02:05:13.559000,2,Yellow,2022,2,7513.559
0 days 02:06:20.738000,6,VSCDeployed,2022,2,7580.738
0 days 02:11:24.173000,7,VSCEnding,2022,2,7884.173
0 days 02:11:36.808000,1,AllClear,2022,2,7896.808
0 days 02:23:32.259000,2,Yellow,2022,2,8612.259
0 days 02:23:39.541000,1,AllClear,2022,2,8619.541
0 days 02:23:40.529000,2,Yellow,2022,2,8620.529
0 days 02:23:48.232000,1,AllClear,2022,2,8628.232
0 days 02:24:12.424000,2,Yellow,2022,2,8652.424
0 days 00:11:29.385000,1,AllClear,2022,3,689.385
0 days 01:04:51.877000,2,Yellow,2022,3,3891.877
0 days 01:05:47.999000,6,VSCDeployed,2022,3,3947.999
0 days 01:06:34.882000,4,SCDeployed,2022,3,3994.882
0 days 01:13:33.242000,1,AllClear,2022,3,4413.242
0 days 01:37:24.288000,2,Yellow,2022,3,5844.288
0 days 01:37:26.582000,1,AllClear,2022,3,5846.582
0 days 01:37:28.643000,2,Yellow,2022,3,5848.643
0 days 01:37:40.082000,4,SCDeployed,2022,3,5860.082
0 days 01:45:30.263000,1,AllClear,2022,3,6330.263
0 days 02:02:57.882000,6,VSCDeployed,2022,3,7377.882
0 days 02:04:42.705000,7,VSCEnding,2022,3,7482.705
0 days 02:04:56.094000,1,AllClear,2022,3,7496.094
0 days 02:32:54.609000,2,Yellow,2022,3,9174.609
0 days 02:32:56.747000,1,AllClear,2022,3,9176.747
0 days 02:33:25.544000,2,Yellow,2022,3,9205.544
0 days 02:35:21.742000,1,AllClear,2022,3,9321.742
0 days 00:00:00,1,AllClear,2022,4,0.0
0 days 01:02:23.363000,2,Yellow,2022,4,3743.363
0 days 01:03:13.645000,4,SCDeployed,2022,4,3793.645
0 days 01:10:53.647000,1,AllClear,2022,4,4253.647
0 days 01:42:12.719000,2,Yellow,2022,4,6132.719
0 days 01:42:19.717000,1,AllClear,2022,4,6139.717
0 days 02:20:45.792000,2,Yellow,2022,4,8445.792
0 days 02:20:55.223000,1,AllClear,2022,4,8455.223
0 days 00:02:08.769000,1,AllClear,2022,5,128.769
0 days 01:33:01.398000,2,Yellow,2022,5,5581.398
0 days 01:33:11.895000,1,AllClear,2022,5,5591.895
0 days 02:05:28.249000,2,Yellow,2022,5,7528.249
0 days 02:05:28.608000,6,VSCDeployed,2022,5,7528.608
0 days 02:06:49.739000,4,SCDeployed,2022,5,7609.739
0 days 02:19:42.516000,1,AllClear,2022,5,8382.516
0 days 02:20:09.086000,2,Yellow,2022,5,8409.086
0 days 02:20:10.661000,1,AllClear,2022,5,8410.661
0 days 02:31:02.228000,2,Yellow,2022,5,9062.228
0 days 02:31:09.097000,1,AllClear,2022,5,9069.097
0 days 02:34:58.268000,2,Yellow,2022,5,9298.268
0 days 02:34:59.877000,1,AllClear,2022,5,9299.877
0 days 00:00:00,2,Yellow,2022,6,0.0
0 days 00:07:30.185000,1,AllClear,2022,6,450.185
0 days 01:02:47.426000,2,Yellow,2022,6,3767.426
0 days 01:02:59.996000,1,AllClear,2022,6,3779.996
0 days 01:11:36.002000,2,Yellow,2022,6,4296.002
0 days 01:11:48.338000,1,AllClear,2022,6,4308.338
0 days 01:14:25.457000,2,Yellow,2022,6,4465.457
0 days 01:14:33.638000,1,AllClear,2022,6,4473.638
0 days 00:00:00,1,AllClear,2022,7,0.0
0 days 00:25:31.516000,2,Yellow,2022,7,1531.516
0 days 00:25:37.692000,1,AllClear,2022,7,1537.692
0 days 00:51:03.026000,2,Yellow,2022,7,3063.026
0 days 00:51:13.019000,1,AllClear,2022,7,3073.019
0 days 01:19:22.344000,5,Red,2022,7,4762.344
0 days 02:02:18.135000,1,AllClear,2022,7,7338.135
0 days 02:05:59.441000,2,Yellow,2022,7,7559.441
0 days 02:06:15.238000,1,AllClear,2022,7,7575.238
0 days 02:07:21.514000,4,SCDeployed,2022,7,7641.514
0 days 02:08:37.509000,1,AllClear,2022,7,7717.509
0 days 02:14:27.027000,2,Yellow,2022,7,8067.027
0 days 02:14:29.640000,1,AllClear,2022,7,8069.64
0 days 02:21:45.327000,2,Yellow,2022,7,8505.327
0 days 02:21:52.470000,1,AllClear,2022,7,8512.47
0 days 02:22:59.472000,2,Yellow,2022,7,8579.472
0 days 02:23:06.994000,1,AllClear,2022,7,8586.994
0 days 02:33:15.824000,2,Yellow,2022,7,9195.824
0 days 02:33:19.417000,1,AllClear,2022,7,9199.417
0 days 02:37:54.716000,2,Yellow,2022,7,9474.716
0 days 02:38:01.377000,1,AllClear,2022,7,9481.377
0 days 02:46:32.826000,2,Yellow,2022,7,9992.826
0 days 02:46:46.261000,6,VSCDeployed,2022,7,10006.261
0 days 02:48:33.853000,4,SCDeployed,2022,7,10113.853
0 days 02:54:02.815000,5,Red,2022,7,10442.815
0 days 03:10:08.667000,1,AllClear,2022,7,11408.667
0 days 03:50:03.263000,2,Yellow,2022,7,13803.263
0 days 03:50:10.544000,1,AllClear,2022,7,13810.544
0 days 03:54:35,2,Yellow,2022,7,14075.0
0 days 03:54:43.128000,1,AllClear,2022,7,14083.128
0 days 04:04:20.991000,2,Yellow,2022,7,14660.991
0 days 00:00:03.133000,2,Yellow,2022,8,3.133
0 days 00:00:12.284000,1,AllClear,2022,8,12.284
0 days 00:00:14.876000,2,Yellow,2022,8,14.876
0 days 00:11:48.278000,1,AllClear,2022,8,708.278
0 days 00:20:40.673000,2,Yellow,2022,8,1240.673
0 days 00:21:07.849000,1,AllClear,2022,8,1267.849
0 days 00:51:37.173000,2,Yellow,2022,8,3097.173
0 days 00:51:43.773000,1,AllClear,2022,8,3103.773
0 days 00:51:47.484000,2,Yellow,2022,8,3107.484
0 days 00:52:07.769000,1,AllClear,2022,8,3127.769
0 days 00:52:14.690000,2,Yellow,2022,8,3134.69
0 days 00:52:24.748000,1,AllClear,2022,8,3144.748
0 days 01:18:10.247000,2,Yellow,2022,8,4690.247
0 days 01:19:09.213000,6,VSCDeployed,2022,8,4749.213
0 days 01:21:06.431000,7,VSCEnding,2022,8,4866.431
0 days 01:21:20.621000,1,AllClear,2022,8,4880.621
0 days 01:26:26.185000,2,Yellow,2022,8,5186.185
0 days 01:26:32.065000,1,AllClear,2022,8,5192.065
0 days 02:02:45.972000,2,Yellow,2022,8,7365.972
0 days 02:03:22.133000,6,VSCDeployed,2022,8,7402.133
0 days 02:07:27.871000,7,VSCEnding,2022,8,7647.871
0 days 02:07:40.908000,1,AllClear,2022,8,7660.908
0 days 02:38:28.902000,2,Yellow,2022,8,9508.902
0 days 00:00:00,2,Yellow,2022,9,0.0
0 days 00:06:01.850000,1,AllClear,2022,9,361.85
0 days 01:12:46.079000,2,Yellow,2022,9,4366.079
0 days 01:13:11.665000,6,VSCDeployed,2022,9,4391.665
0 days 01:15:55.176000,7,VSCEnding,2022,9,4555.176
0 days 01:16:09.743000,1,AllClear,2022,9,4569.743
0 days 01:27:52.759000,2,Yellow,2022,9,5272.759
0 days 01:28:10.130000,6,VSCDeployed,2022,9,5290.13
0 days 01:29:35.617000,7,VSCEnding,2022,9,5375.617
0 days 01:29:49.731000,1,AllClear,2022,9,5389.731
0 days 02:06:35.092000,2,Yellow,2022,9,7595.092
0 days 02:07:19.350000,4,SCDeployed,2022,9,7639.35
0 days 02:18:05.440000,1,AllClear,2022,9,8285.44
0 days 00:00:00,1,AllClear,2022,10,0.0
0 days 01:02:26.276000,2,Yellow,2022,10,3746.276
0 days 01:02:38.097000,5,Red,2022,10,3758.097
0 days 01:54:02.388000,1,AllClear,2022,10,6842.388
0 days 02:11:53.059000,2,Yellow,2022,10,7913.059
0 days 02:12:03.034000,1,AllClear,2022,10,7923.034
0 days 02:55:58.711000,2,Yellow,2022,10,10558.711
0 days 02:56:11.429000,4,SCDeployed,2022,10,10571.429
0 days 03:04:51.200000,1,AllClear,2022,10,11091.2
0 days 03:20:51.705000,2,Yellow,2022,10,12051.705
0 days 03:22:47.062000,1,AllClear,2022,10,12167.062
0 days 00:08:05.416000,1,AllClear,2022,11,485.416
0 days 01:48:58.964000,2,Yellow,2022,11,6538.964
0 days 01:49:14.531000,1,AllClear,2022,11,6554.531
0 days 02:09:18.938000,2,Yellow,2022,11,7758.938
0 days 02:09:21.419000,1,AllClear,2022,11,7761.419
0 days 02:09:26.637000,2,Yellow,2022,11,7766.637
0 days 02:10:18.024000,6,VSCDeployed,2022,11,7818.024
0 days 02:12:46.453000,7,VSCEnding,2022,11,7966.453
0 days 02:12:58.041000,1,AllClear,2022,11,7978.041
0 days 00:00:00,1,AllClear,2022,12,0.0
0 days 00:15:20.751000,2,Yellow,2022,12,920.751
0 days 00:15:23.161000,1,AllClear,2022,12,923.161
0 days 00:15:24.861000,2,Yellow,2022,12,924.861
0 days 00:15:27.740000,1,AllClear,2022,12,927.74
0 days 00:43:42.474000,2,Yellow,2022,12,2622.474
0 days 00:43:57.738000,1,AllClear,2022,12,2637.738
0 days 01:11:55.277000,2,Yellow,2022,12,4315.277
0 days 01:12:15.584000,4,SCDeployed,2022,12,4335.584
0 days 01:18:02.505000,1,AllClear,2022,12,4682.505
0 days 01:21:18.845000,2,Yellow,2022,12,4878.845
0 days 01:21:37,1,AllClear,2022,12,4897.0
0 days 01:47:01.605000,2,Yellow,2022,12,6421.605
0 days 01:47:07.661000,1,AllClear,2022,12,6427.661
0 days 02:05:04.377000,2,Yellow,2022,12,7504.377
0 days 02:05:47.311000,6,VSCDeployed,2022,12,7547.311
0 days 02:06:45.700000,7,VSCEnding,2022,12,7605.7
0 days 02:07:44.438000,1,AllClear,2022,12,7664.438
0 days 00:00:00,2,Yellow,2022,13,0.0
0 days 00:04:16.015000,1,AllClear,2022,13,256.015
0 days 01:02:47.449000,2,Yellow,2022,13,3767.449
0 days 01:03:00.518000,1,AllClear,2022,13,3780.518
0 days 01:03:35.598000,6,VSCDeployed,2022,13,3815.598
0 days 01:05:42.914000,7,VSCEnding,2022,13,3942.914
0 days 01:05:53.098000,1,AllClear,2022,13,3953.098
0 days 01:51:41.509000,2,Yellow,2022,13,6701.509
0 days 01:51:56.165000,1,AllClear,2022,13,6716.165
0 days 02:00:44.321000,2,Yellow,2022,13,7244.321
0 days 02:00:46.696000,1,AllClear,2022,13,7246.696
0 days 02:09:19.027000,2,Yellow,2022,13,7759.027
0 days 02:09:21.966000,1,AllClear,2022,13,7761.966
0 days 02:09:26.516000,2,Yellow,2022,13,7766.516
0 days 02:09:28.570000,1,AllClear,2022,13,7768.57
0 days 02:36:59.872000,2,Yellow,2022,13,9419.872
0 days 02:37:36.563000,6,VSCDeployed,2022,13,9456.563
0 days 02:39:27.997000,7,VSCEnding,2022,13,9567.997
0 days 02:39:41.769000,1,AllClear,2022,13,9581.769
0 days 00:01:29.745000,1,AllClear,2022,14,89.745
0 days 00:30:37.879000,2,Yellow,2022,14,1837.879
0 days 00:31:09.838000,1,AllClear,2022,14,1869.838
0 days 01:03:26.855000,2,Yellow,2022,14,3806.855
0 days 01:03:32.069000,1,AllClear,2022,14,3812.069
0 days 01:05:18.853000,2,Yellow,2022,14,3918.853
0 days 01:05:51.780000,4,SCDeployed,2022,14,3951.78
0 days 01:12:57.770000,1,AllClear,2022,14,4377.77
0 days 02:28:40.049000,2,Yellow,2022,14,8920.049
0 days 02:30:56.014000,1,AllClear,2022,14,9056.014
0 days 00:00:00,1,AllClear,2022,15,0.0
0 days 01:03:40.534000,2,Yellow,2022,15,3820.534
0 days 01:03:46.992000,1,AllClear,2022,15,3826.992
0 days 01:06:24.939000,2,Yellow,2022,15,3984.939
0 days 01:06:28.074000,1,AllClear,2022,15,3988.074
0 days 01:57:59.631000,2,Yellow,2022,15,7079.631
0 days 01:59:00.629000,1,AllClear,2022,15,7140.629
0 days 02:01:59.716000,2,Yellow,2022,15,7319.716
0 days 02:02:28.234000,6,VSCDeployed,2022,15,7348.234
0 days 02:06:03.103000,7,VSCEnding,2022,15,7563.103
0 days 02:06:16.780000,1,AllClear,2022,15,7576.78
0 days 02:13:01.978000,2,Yellow,2022,15,7981.978
0 days 02:14:18.971000,4,SCDeployed,2022,15,8058.971
0 days 02:23:46.597000,1,AllClear,2022,15,8626.597
0 days 00:07:13.128000,1,AllClear,2022,16,433.128
0 days 00:07:13.128000,2,Yellow,2022,16,433.128
0 days 00:08:32.384000,1,AllClear,2022,16,512.384
0 days 01:18:18.928000,2,Yellow,2022,16,4698.928
0 days 01:18:28.703000,1,AllClear,2022,16,4708.703
0 days 01:18:29.579000,2,Yellow,2022,16,4709.579
0 days 01:18:50.912000,6,VSCDeployed,2022,16,4730.912
0 days 01:20:01.263000,7,VSCEnding,2022,16,4801.263
0 days 01:20:14.670000,1,AllClear,2022,16,4814.67
0 days 02:09:42.002000,2,Yellow,2022,16,7782.002
0 days 02:10:43.523000,4,SCDeployed,2022,16,7843.523
0 days 00:14:57.999000,1,AllClear,2022,17,897.999
0 days 00:48:08.380000,2,Yellow,2022,17,2888.38
0 days 01:19:47.419000,1,AllClear,2022,17,4787.419
0 days 01:37:26.264000,2,Yellow,2022,17,5846.264
0 days 01:46:46.991000,1,AllClear,2022,17,6406.991
0 days 02:08:46.566000,2,Yellow,2022,17,7726.566
0 days 02:08:48.063000,1,AllClear,2022,17,7728.063
0 days 02:21:22.302000,2,Yellow,2022,17,8482.302
0 days 02:21:28.424000,1,AllClear,2022,17,8488.424
0 days 02:21:45.120000,2,Yellow,2022,17,8505.12
0 days 02:23:37.736000,4,SCDeployed,2022,17,8617.736
0 days 02:30:05.688000,1,AllClear,2022,17,9005.688
0 days 02:51:31.439000,2,Yellow,2022,17,10291.439
0 days 02:52:08.287000,6,VSCDeployed,2022,17,10328.287
0 days 02:55:00.727000,7,VSCEnding,2022,17,10500.727
0 days 02:55:11.300000,1,AllClear,2022,17,10511.3
0 days 03:00:45.695000,2,Yellow,2022,17,10845.695
0 days 03:01:07.906000,1,AllClear,2022,17,10867.906
0 days 03:01:13.091000,2,Yellow,2022,17,10873.091
0 days 03:02:02.127000,6,VSCDeployed,2022,17,10922.127
0 days 03:03:26.325000,7,VSCEnding,2022,17,11006.325
0 days 03:03:38.220000,1,AllClear,2022,17,11018.22
0 days 03:05:29.126000,2,Yellow,2022,17,11129.126
0 days 03:06:56.303000,6,VSCDeployed,2022,17,11216.303
0 days 03:10:55.964000,7,VSCEnding,2022,17,11455.964
0 days 03:11:10.227000,1,AllClear,2022,17,11470.227
0 days 03:17:00.351000,2,Yellow,2022,17,11820.351
0 days 03:17:06.680000,1,AllClear,2022,17,11826.68
0 days 03:22:48.614000,2,Yellow,2022,17,12168.614
0 days 03:23:29.510000,4,SCDeployed,2022,17,12209.51
0 days 03:33:18.832000,1,AllClear,2022,17,12798.832
0 days 00:00:00,1,AllClear,2022,18,0.0
0 days 01:02:52.655000,2,Yellow,2022,18,3772.655
0 days 01:03:12.328000,1,AllClear,2022,18,3792.328
0 days 01:03:47.819000,2,Yellow,2022,18,3827.819
0 days 01:04:10,4,SCDeployed,2022,18,3850.0
0 days 01:07:12.953000,5,Red,2022,18,4032.953
0 days 03:03:47.299000,1,AllClear,2022,18,11027.299
0 days 00:00:00,1,AllClear,2022,19,0.0
0 days 00:10:06.521000,2,Yellow,2022,19,606.521
0 days 00:10:08.261000,1,AllClear,2022,19,608.261
0 days 00:14:45.524000,2,Yellow,2022,19,885.524
0 days 00:14:47.025000,1,AllClear,2022,19,887.025
0 days 00:14:48.446000,2,Yellow,2022,19,888.446
0 days 00:14:50.265000,1,AllClear,2022,19,890.265
0 days 00:15:30.757000,2,Yellow,2022,19,930.757
0 days 00:15:34.166000,1,AllClear,2022,19,934.166
0 days 01:02:54.062000,2,Yellow,2022,19,3774.062
0 days 01:02:58.311000,1,AllClear,2022,19,3778.311
0 days 01:32:34.068000,2,Yellow,2022,19,5554.068
0 days 01:33:06.788000,4,SCDeployed,2022,19,5586.788
0 days 01:41:54.800000,1,AllClear,2022,19,6114.8
0 days 01:43:05.660000,2,Yellow,2022,19,6185.66
0 days 01:43:13.471000,4,SCDeployed,2022,19,6193.471
0 days 01:52:19.096000,1,AllClear,2022,19,6739.096
0 days 00:00:02.936000,2,Yellow,2022,20,2.936
0 days 00:06:31.711000,1,AllClear,2022,20,391.711
0 days 02:31:34.690000,2,Yellow,2022,20,9094.69
0 days 02:31:57.090000,6,VSCDeployed,2022,20,9117.09
0 days 02:32:50.946000,7,VSCEnding,2022,20,9170.946
0 days 02:33:02.399000,1,AllClear,2022,20,9182.399
0 days 00:13:30.735000,1,AllClear,2022,21,810.735
0 days 01:02:34.787000,2,Yellow,2022,21,3754.787
0 days 01:02:44.831000,4,SCDeployed,2022,21,3764.831
0 days 01:12:52.027000,1,AllClear,2022,21,4372.027
0 days 01:13:49.890000,2,Yellow,2022,21,4429.89
0 days 01:14:01.337000,1,AllClear,2022,21,4441.337
0 days 02:11:42.913000,2,Yellow,2022,21,7902.913
0 days 02:12:45.520000,6,VSCDeployed,2022,21,7965.52
0 days 02:15:23.432000,4,SCDeployed,2022,21,8123.432
0 days 02:25:12.153000,1,AllClear,2022,21,8712.153
0 days 00:00:00,1,AllClear,2022,22,0.0
0 days 00:02:19.161000,2,Yellow,2022,22,139.161
0 days 00:02:21.239000,1,AllClear,2022,22,141.239
0 days 02:00:17.981000,2,Yellow,2022,22,7217.981
0 days 02:00:27.096000,1,AllClear,2022,22,7227.096
0 days 00:05:28.637000,1,AllClear,2023,1,328.637
0 days 00:21:59.040000,2,Yellow,2023,1,1319.04
0 days 00:22:03.165000,1,AllClear,2023,1,1323.165
0 days 01:03:07.651000,2,Yellow,2023,1,3787.651
0 days 01:03:08.151000,1,AllClear,2023,1,3788.151
0 days 01:04:15.978000,2,Yellow,2023,1,3855.978
0 days 01:04:51.243000,1,AllClear,2023,1,3891.243
0 days 02:08:59.830000,2,Yellow,2023,1,7739.83
0 days 02:09:18.298000,6,VSCDeployed,2023,1,7758.298
0 days 02:10:53.875000,7,VSCEnding,2023,1,7853.875
0 days 02:11:06.437000,1,AllClear,2023,1,7866.437
0 days 00:00:00,1,AllClear,2023,2,0.0
0 days 01:29:32.087000,2,Yellow,2023,2,5372.087
0 days 01:30:11.102000,4,SCDeployed,2023,2,5411.102
0 days 01:37:27.407000,1,AllClear,2023,2,5847.407
0 days 00:00:00,2,Yellow,2023,3,0.0
0 days 00:13:07.538000,1,AllClear,2023,3,787.538
0 days 00:30:47.338000,2,Yellow,2023,3,1847.338
0 days 00:39:12.957000,1,AllClear,2023,3,2352.957
0 days 01:02:44.534000,2,Yellow,2023,3,3764.534
0 days 01:03:25.831000,4,SCDeployed,2023,3,3805.831
0 days 01:08:10.984000,1,AllClear,2023,3,4090.984
0 days 01:13:10.543000,2,Yellow,2023,3,4390.543
0 days 01:13:23.246000,4,SCDeployed,2023,3,4403.246
0 days 01:16:01.056000,5,Red,2023,3,4561.056
0 days 01:31:41.671000,1,AllClear,2023,3,5501.671
0 days 01:47:34.722000,6,VSCDeployed,2023,3,6454.722
0 days 01:49:37.049000,7,VSCEnding,2023,3,6577.049
0 days 01:49:51.267000,1,AllClear,2023,3,6591.267
0 days 02:36:29.985000,2,Yellow,2023,3,9389.985
0 days 02:36:38.329000,1,AllClear,2023,3,9398.329
0 days 02:37:30.688000,4,SCDeployed,2023,3,9450.688
0 days 02:40:06.264000,5,Red,2023,3,9606.264
0 days 02:50:08.585000,1,AllClear,2023,3,10208.585
0 days 02:59:13.048000,2,Yellow,2023,3,10753.048
0 days 02:59:25.329000,5,Red,2023,3,10765.329
0 days 03:22:14.751000,1,AllClear,2023,3,12134.751
0 days 03:36:04.835000,5,Red,2023,3,12964.835
0 days 00:00:00,1,AllClear,2023,4,0.0
0 days 00:05:00.728000,2,Yellow,2023,4,300.728
0 days 00:05:07.931000,1,AllClear,2023,4,307.931
0 days 00:11:22.236000,2,Yellow,2023,4,682.236
0 days 00:12:05.735000,1,AllClear,2023,4,725.735
0 days 00:13:14.953000,2,Yellow,2023,4,794.953
0 days 00:13:29.625000,1,AllClear,2023,4,809.625
0 days 01:04:04.913000,2,Yellow,2023,4,3844.913
0 days 01:04:22.382000,1,AllClear,2023,4,3862.382
0 days 01:20:00.630000,2,Yellow,2023,4,4800.63
0 days 01:20:08.130000,1,AllClear,2023,4,4808.13
0 days 01:20:22.927000,2,Yellow,2023,4,4822.927
0 days 01:21:22.441000,4,SCDeployed,2023,4,4882.441
0 days 01:28:42.308000,1,AllClear,2023,4,5322.308
0 days 01:34:43.021000,2,Yellow,2023,4,5683.021
0 days 01:34:44.208000,1,AllClear,2023,4,5684.208
0 days 02:31:24.334000,2,Yellow,2023,4,9084.334
0 days 02:31:26.428000,1,AllClear,2023,4,9086.428
0 days 00:00:00,1,AllClear,2023,5,0.0
0 days 00:19:40.236000,2,Yellow,2023,5,1180.236
0 days 00:19:43.236000,1,AllClear,2023,5,1183.236
0 days 00:19:45.330000,2,Yellow,2023,5,1185.33
0 days 00:19:48.345000,1,AllClear,2023,5,1188.345
0 days 00:00:00,1,AllClear,2023,6,0.0
0 days 00:06:38.603000,2,Yellow,2023,6,398.603
0 days 00:06:52.259000,1,AllClear,2023,6,412.259
0 days 00:19:51.886000,2,Yellow,2023,6,1191.886
0 days 00:22:06.399000,1,AllClear,2023,6,1326.399
0 days 01:02:41.403000,2,Yellow,2023,6,3761.403
0 days 01:02:43.872000,1,AllClear,2023,6,3763.872
0 days 01:16:53.044000,2,Yellow,2023,6,4613.044
0 days 01:17:50.246000,1,AllClear,2023,6,4670.246
0 days 01:20:09.353000,2,Yellow,2023,6,4809.353
0 days 01:20:19.681000,1,AllClear,2023,6,4819.681
0 days 02:13:43.686000,2,Yellow,2023,6,8023.686
0 days 02:13:50.999000,1,AllClear,2023,6,8030.999
0 days 02:13:52.358000,2,Yellow,2023,6,8032.358
0 days 02:14:27.670000,1,AllClear,2023,6,8067.67
0 days 02:14:34.107000,2,Yellow,2023,6,8074.107
0 days 02:15:46.465000,1,AllClear,2023,6,8146.465
0 days 02:15:49.637000,2,Yellow,2023,6,8149.637
0 days 02:15:54.371000,1,AllClear,2023,6,8154.371
0 days 02:19:08.462000,2,Yellow,2023,6,8348.462
0 days 02:19:24.555000,1,AllClear,2023,6,8364.555
0 days 02:20:09.367000,2,Yellow,2023,6,8409.367
0 days 02:20:22.585000,1,AllClear,2023,6,8422.585
0 days 02:22:10.974000,2,Yellow,2023,6,8530.974
0 days 02:22:48.864000,1,AllClear,2023,6,8568.864
0 days 02:24:31.143000,2,Yellow,2023,6,8671.143
0 days 02:24:43.940000,1,AllClear,2023,6,8683.94
0 days 02:37:00.864000,2,Yellow,2023,6,9420.864
0 days 02:37:31.864000,1,AllClear,2023,6,9451.864
0 days 00:00:00,1,AllClear,2023,7,0.0
0 days 00:00:00,1,AllClear,2023,8,0.0
0 days 00:20:20.945000,2,Yellow,2023,8,1220.945
0 days 00:21:55.974000,1,AllClear,2023,8,1315.974
0 days 00:24:40.940000,2,Yellow,2023,8,1480.94
0 days 00:24:49.143000,1,AllClear,2023,8,1489.143
0 days 01:10:47.938000,2,Yellow,2023,8,4247.938
0 days 01:11:28.125000,6,VSCDeployed,2023,8,4288.125
0 days 01:12:03.077000,7,VSCEnding,2023,8,4323.077
0 days 01:12:14.311000,1,AllClear,2023,8,4334.311
0 days 01:17:38.759000,2,Yellow,2023,8,4658.759
0 days 01:17:43.165000,1,AllClear,2023,8,4663.165
0 days 01:17:44.509000,4,SCDeployed,2023,8,4664.509
0 days 01:26:16.875000,1,AllClear,2023,8,5176.875
0 days 01:42:40.014000,2,Yellow,2023,8,6160.014
0 days 01:42:43.295000,1,AllClear,2023,8,6163.295
0 days 01:50:57.036000,2,Yellow,2023,8,6657.036
0 days 01:51:55.597000,1,AllClear,2023,8,6715.597
0 days 00:10:31.151000,1,AllClear,2023,9,631.151
0 days 01:02:11.953000,2,Yellow,2023,9,3731.953
0 days 01:02:17.938000,1,AllClear,2023,9,3737.938
0 days 01:02:55.281000,4,SCDeployed,2023,9,3775.281
0 days 01:06:45.308000,1,AllClear,2023,9,4005.308
0 days 01:18:35.546000,2,Yellow,2023,9,4715.546
0 days 01:19:51.372000,6,VSCDeployed,2023,9,4791.372
0 days 01:21:58.635000,7,VSCEnding,2023,9,4918.635
0 days 01:22:10.620000,1,AllClear,2023,9,4930.62
0 days 00:11:02.039000,1,AllClear,2023,10,662.039
0 days 01:51:46.307000,2,Yellow,2023,10,6706.307
0 days 01:51:52.838000,6,VSCDeployed,2023,10,6712.838
0 days 01:53:16.633000,4,SCDeployed,2023,10,6796.633
0 days 02:05:50.823000,1,AllClear,2023,10,7550.823
0 days 00:00:00,1,AllClear,2023,11,0.0
0 days 01:02:19.824000,2,Yellow,2023,11,3739.824
0 days 01:02:28.793000,1,AllClear,2023,11,3748.793
0 days 02:37:37.432000,2,Yellow,2023,11,9457.432
0 days 02:37:44.791000,1,AllClear,2023,11,9464.791
0 days 00:00:00,2,Yellow,2023,12,0.0
0 days 00:05:56.684000,1,AllClear,2023,12,356.684
0 days 00:28:36.184000,2,Yellow,2023,12,1716.184
0 days 00:29:50.105000,1,AllClear,2023,12,1790.105
0 days 00:51:13.731000,2,Yellow,2023,12,3073.731
0 days 00:51:35.715000,1,AllClear,2023,12,3095.715
0 days 01:05:29.425000,2,Yellow,2023,12,3929.425
0 days 01:07:05.236000,1,AllClear,2023,12,4025.236
0 days 01:07:18.799000,2,Yellow,2023,12,4038.799
0 days 01:07:25.111000,1,AllClear,2023,12,4045.111
0 days 02:25:23.966000,2,Yellow,2023,12,8723.966
0 days 00:00:00,1,AllClear,2023,13,0.0
0 days 00:20:00.958000,2,Yellow,2023,13,1200.958
0 days 00:20:03.458000,1,AllClear,2023,13,1203.458
0 days 00:20:21.176000,2,Yellow,2023,13,1221.176
0 days 00:20:32.692000,1,AllClear,2023,13,1232.692
0 days 01:24:24.561000,2,Yellow,2023,13,5064.561
0 days 01:25:04.107000,4,SCDeployed,2023,13,5104.107
0 days 01:35:18.487000,1,AllClear,2023,13,5718.487
0 days 02:28:22.821000,2,Yellow,2023,13,8902.821
0 days 02:28:30.133000,1,AllClear,2023,13,8910.133
0 days 02:29:10.289000,2,Yellow,2023,13,8950.289
0 days 02:29:28.507000,6,VSCDeployed,2023,13,8968.507
0 days 02:30:15.725000,5,Red,2023,13,9015.725
0 days 03:09:38.621000,1,AllClear,2023,13,11378.621
0 days 03:13:13.226000,4,SCDeployed,2023,13,11593.226
0 days 03:17:43.893000,1,AllClear,2023,13,11863.893
0 days 00:01:52.215000,1,AllClear,2023,14,112.215
0 days 01:02:38.176000,2,Yellow,2023,14,3758.176
0 days 01:12:00.217000,1,AllClear,2023,14,4320.217
0 days 00:00:00,1,AllClear,2023,15,0.0
0 days 01:04:20.881000,2,Yellow,2023,15,3860.881
0 days 01:04:26.069000,1,AllClear,2023,15,3866.069
0 days 01:04:37.490000,2,Yellow,2023,15,3877.49
0 days 01:04:55.006000,1,AllClear,2023,15,3895.006
0 days 01:34:03.392000,2,Yellow,2023,15,5643.392
0 days 01:34:23.252000,1,AllClear,2023,15,5663.252
0 days 01:35:40.282000,4,SCDeployed,2023,15,5740.282
0 days 01:41:49.293000,1,AllClear,2023,15,6109.293
0 days 02:16:10.019000,2,Yellow,2023,15,8170.019
0 days 02:17:05.534000,6,VSCDeployed,2023,15,8225.534
0 days 02:20:29.032000,7,VSCEnding,2023,15,8429.032
0 days 02:20:43.673000,1,AllClear,2023,15,8443.673
0 days 02:23:46.874000,2,Yellow,2023,15,8626.874
0 days 02:24:02.795000,1,AllClear,2023,15,8642.795
0 days 02:33:41.851000,2,Yellow,2023,15,9221.851
0 days 02:33:44.273000,1,AllClear,2023,15,9224.273
0 days 02:43:05.720000,2,Yellow,2023,15,9785.72
0 days 02:43:26.282000,1,AllClear,2023,15,9806.282
0 days 02:48:37.888000,2,Yellow,2023,15,10117.888
0 days 00:00:47.740000,1,AllClear,2023,16,47.74
0 days 01:03:30.609000,2,Yellow,2023,16,3810.609
0 days 01:03:36.406000,1,AllClear,2023,16,3816.406
0 days 01:04:16.546000,4,SCDeployed,2023,16,3856.546
0 days 01:12:55.099000,1,AllClear,2023,16,4375.099
0 days 01:26:14.398000,2,Yellow,2023,16,5174.398
0 days 01:26:33.710000,1,AllClear,2023,16,5193.71
0 days 01:28:32.895000,6,VSCDeployed,2023,16,5312.895
0 days 01:29:34.785000,7,VSCEnding,2023,16,5374.785
0 days 01:29:49.738000,1,AllClear,2023,16,5389.738
0 days 02:37:07.447000,2,Yellow,2023,16,9427.447
0 days 02:37:32.635000,1,AllClear,2023,16,9452.635
0 days 00:11:33.566000,1,AllClear,2023,17,693.566
0 days 01:02:48.255000,2,Yellow,2023,17,3768.255
0 days 01:03:42.880000,4,SCDeployed,2023,17,3822.88
0 days 01:11:23.546000,1,AllClear,2023,17,4283.546
0 days 01:54:35.955000,2,Yellow,2023,17,6875.955
0 days 01:54:38.877000,1,AllClear,2023,17,6878.877
0 days 02:06:29.759000,2,Yellow,2023,17,7589.759
0 days 02:06:32.791000,1,AllClear,2023,17,7592.791
0 days 00:00:00,1,AllClear,2023,18,0.0
0 days 00:29:09.831000,2,Yellow,2023,18,1749.831
0 days 00:29:12.018000,1,AllClear,2023,18,1752.018
0 days 00:29:22.393000,2,Yellow,2023,18,1762.393
0 days 00:29:25.128000,1,AllClear,2023,18,1765.128
0 days 02:38:47.911000,2,Yellow,2023,18,9527.911
0 days 02:38:49.551000,1,AllClear,2023,18,9529.551
0 days 00:00:00,2,Yellow,2023,19,0.0
0 days 00:07:53.470000,1,AllClear,2023,19,473.47
0 days 00:21:05.410000,2,Yellow,2023,19,1265.41
0 days 00:35:24.238000,1,AllClear,2023,19,2124.238
0 days 01:02:36.381000,2,Yellow,2023,19,3756.381
0 days 01:02:47.162000,1,AllClear,2023,19,3767.162
0 days 01:08:04.985000,6,VSCDeployed,2023,19,4084.985
0 days 01:09:21.515000,7,VSCEnding,2023,19,4161.515
0 days 01:09:34.046000,1,AllClear,2023,19,4174.046
0 days 01:13:02.902000,2,Yellow,2023,19,4382.902
0 days 01:13:03.933000,1,AllClear,2023,19,4383.933
0 days 01:48:03.943000,2,Yellow,2023,19,6483.943
0 days 01:48:23.927000,4,SCDeployed,2023,19,6503.927
0 days 01:50:53.065000,5,Red,2023,19,6653.065
0 days 02:06:42.923000,1,AllClear,2023,19,7602.923
0 days 02:12:19.214000,4,SCDeployed,2023,19,7939.214
0 days 02:13:48.634000,1,AllClear,2023,19,8028.634
0 days 02:33:53.613000,2,Yellow,2023,19,9233.613
0 days 02:34:08.394000,1,AllClear,2023,19,9248.394
0 days 02:58:56.009000,2,Yellow,2023,19,10736.009
0 days 02:59:07.259000,1,AllClear,2023,19,10747.259
0 days 00:00:00,1,AllClear,2023,20,0.0
0 days 01:00:00.637000,2,Yellow,2023,20,3600.637
0 days 01:00:13.856000,1,AllClear,2023,20,3613.856
0 days 01:00:14.200000,2,Yellow,2023,20,3614.2
0 days 01:00:46.199000,1,AllClear,2023,20,3646.199
0 days 01:01:00.340000,2,Yellow,2023,20,3660.34
0 days 01:01:15.230000,1,AllClear,2023,20,3675.23
0 days 01:02:32.198000,2,Yellow,2023,20,3752.198
0 days 01:02:50.182000,4,SCDeployed,2023,20,3770.182
0 days 01:05:35.568000,5,Red,2023,20,3935.568
0 days 01:26:51.553000,1,AllClear,2023,20,5211.553
0 days 00:00:00,1,AllClear,2023,21,0.0
0 days 00:14:15.761000,2,Yellow,2023,21,855.761
0 days 00:14:20.652000,1,AllClear,2023,21,860.652
0 days 00:14:29.183000,2,Yellow,2023,21,869.183
0 days 00:14:38.120000,1,AllClear,2023,21,878.12
0 days 00:15:46.666000,6,VSCDeployed,2023,21,946.666
0 days 00:17:43.867000,7,VSCEnding,2023,21,1063.867
0 days 00:17:55.538000,1,AllClear,2023,21,1075.538
0 days 00:19:15.771000,2,Yellow,2023,21,1155.771
0 days 00:19:24.896000,4,SCDeployed,2023,21,1164.896
0 days 00:27:55.262000,1,AllClear,2023,21,1675.262
0 days 00:40:55.530000,2,Yellow,2023,21,2455.53
0 days 00:40:56.670000,1,AllClear,2023,21,2456.67
0 days 00:50:52.519000,2,Yellow,2023,21,3052.519
0 days 00:50:54.691000,1,AllClear,2023,21,3054.691
0 days 01:01:22.070000,4,SCDeployed,2023,21,3682.07
0 days 01:07:14.721000,1,AllClear,2023,21,4034.721
0 days 01:26:32.481000,2,Yellow,2023,21,5192.481
0 days 01:26:34.184000,1,AllClear,2023,21,5194.184
0 days 01:37:12.986000,2,Yellow,2023,21,5832.986
0 days 01:37:20.361000,1,AllClear,2023,21,5840.361
0 days 01:39:39.077000,2,Yellow,2023,21,5979.077
0 days 01:39:48.061000,1,AllClear,2023,21,5988.061
0 days 01:44:40.681000,2,Yellow,2023,21,6280.681
0 days 00:13:17.860000,1,AllClear,2023,22,797.86
0 days 00:22:34.031000,2,Yellow,2023,22,1354.031
0 days 00:22:36.594000,1,AllClear,2023,22,1356.594
0 days 00:10:06.010000,1,AllClear,2024,1,606.01
0 days 01:00:16.400000,2,Yellow,2024,1,3616.4
0 days 01:00:20.890000,1,AllClear,2024,1,3620.89
0 days 01:00:46.461000,2,Yellow,2024,1,3646.461
0 days 01:00:53.481000,1,AllClear,2024,1,3653.481
0 days 01:15:24.819000,2,Yellow,2024,1,4524.819
0 days 01:16:15.962000,1,AllClear,2024,1,4575.962
0 days 00:00:00,2,Yellow,2024,2,0.0
0 days 00:08:45.692000,1,AllClear,2024,2,525.692
0 days 01:09:15.917000,2,Yellow,2024,2,4155.917
0 days 01:09:49.924000,4,SCDeployed,2024,2,4189.924
0 days 01:16:35.527000,1,AllClear,2024,2,4595.527
0 days 00:00:00,1,AllClear,2024,3,0.0
0 days 00:00:13.560000,2,Yellow,2024,3,13.56
0 days 00:05:52.010000,1,AllClear,2024,3,352.01
0 days 01:21:24.717000,2,Yellow,2024,3,4884.717
0 days 01:21:41.517000,6,VSCDeployed,2024,3,4901.517
0 days 01:22:45.787000,7,VSCEnding,2024,3,4965.787
0 days 01:23:00.690000,1,AllClear,2024,3,4980.69
0 days 02:17:08.699000,2,Yellow,2024,3,8228.699
0 days 02:17:19.578000,6,VSCDeployed,2024,3,8239.578
0 days 00:02:10.211000,1,AllClear,2024,4,130.211
0 days 01:03:04.009000,2,Yellow,2024,4,3784.009
0 days 01:03:23.324000,5,Red,2024,4,3803.324
0 days 01:21:29.956000,1,AllClear,2024,4,4889.956
0 days 02:38:44.466000,2,Yellow,2024,4,9524.466
0 days 02:39:26.728000,1,AllClear,2024,4,9566.728
0 days 00:00:00,2,Yellow,2024,5,0.0
0 days 00:03:43.861000,1,AllClear,2024,5,223.861
0 days 01:29:21.060000,2,Yellow,2024,5,5361.06
0 days 01:30:57.310000,6,VSCDeployed,2024,5,5457.31
0 days 01:35:02.945000,4,SCDeployed,2024,5,5702.945
0 days 01:42:46.489000,1,AllClear,2024,5,6166.489
0 days 01:44:08.986000,2,Yellow,2024,5,6248.986
0 days 01:44:43.584000,4,SCDeployed,2024,5,6283.584
0 days 01:54:29.620000,1,AllClear,2024,5,6869.62
0 days 00:00:00,1,AllClear,2024,6,0.0
0 days 01:30:16.624000,6,VSCDeployed,2024,6,5416.624
0 days 01:30:57.133000,7,VSCEnding,2024,6,5457.133
0 days 01:31:08.221000,1,AllClear,2024,6,5468.221
0 days 01:38:59.677000,2,Yellow,2024,6,5939.677
0 days 01:39:25.207000,4,SCDeployed,2024,6,5965.207
0 days 01:48:20.615000,1,AllClear,2024,6,6500.615
0 days 00:14:54.798000,1,AllClear,2024,7,894.798
0 days 00:25:18.219000,2,Yellow,2024,7,1518.219
0 days 00:25:20.767000,1,AllClear,2024,7,1520.767
0 days 00:25:24.863000,2,Yellow,2024,7,1524.863
0 days 00:25:28.047000,1,AllClear,2024,7,1528.047
0 days 00:26:02.940000,2,Yellow,2024,7,1562.94
0 days 00:26:05.527000,1,AllClear,2024,7,1565.527
0 days 00:00:48.957000,1,AllClear,2024,8,48.957
0 days 00:23:00.042000,2,Yellow,2024,8,1380.042
0 days 00:23:28.942000,1,AllClear,2024,8,1408.942
0 days 00:34:01.046000,2,Yellow,2024,8,2041.046
0 days 00:34:55.313000,1,AllClear,2024,8,2095.313
0 days 00:55:30.229000,2,Yellow,2024,8,3330.229
0 days 00:56:02.453000,5,Red,2024,8,3362.453
0 days 01:27:38.765000,1,AllClear,2024,8,5258.765
0 days 01:28:21.354000,2,Yellow,2024,8,5301.354
0 days 01:28:46.158000,1,AllClear,2024,8,5326.158
0 days 01:30:17.702000,2,Yellow,2024,8,5417.702
0 days 01:31:21.633000,1,AllClear,2024,8,5481.633
0 days 01:35:56.551000,4,SCDeployed,2024,8,5756.551
0 days 01:37:45.833000,1,AllClear,2024,8,5865.833
0 days 02:45:26.441000,2,Yellow,2024,8,9926.441
0 days 02:45:31.016000,1,AllClear,2024,8,9931.016
0 days 00:00:00,1,AllClear,2024,9,0.0
0 days 00:04:30.268000,2,Yellow,2024,9,270.268
0 days 00:04:32.269000,1,AllClear,2024,9,272.269
0 days 00:13:19.675000,2,Yellow,2024,9,799.675
0 days 00:13:40.888000,1,AllClear,2024,9,820.888
0 days 00:40:35.477000,2,Yellow,2024,9,2435.477
0 days 00:41:20.356000,4,SCDeployed,2024,9,2480.356
0 days 00:49:59.274000,1,AllClear,2024,9,2999.274
0 days 00:50:05.548000,2,Yellow,2024,9,3005.548
0 days 00:50:14.904000,1,AllClear,2024,9,3014.904
0 days 01:07:31.649000,2,Yellow,2024,9,4051.649
0 days 01:07:35.151000,1,AllClear,2024,9,4055.151
0 days 01:18:38.469000,2,Yellow,2024,9,4718.469
0 days 01:18:41.982000,1,AllClear,2024,9,4721.982
0 days 01:23:05.534000,2,Yellow,2024,9,4985.534
0 days 01:23:12.173000,1,AllClear,2024,9,4992.173
0 days 01:24:23.842000,2,Yellow,2024,9,5063.842
0 days 01:24:53.375000,4,SCDeployed,2024,9,5093.375
0 days 01:34:00.072000,1,AllClear,2024,9,5640.072
0 days 01:44:40.368000,2,Yellow,2024,9,6280.368
0 days 01:45:04.574000,1,AllClear,2024,9,6304.574
0 days 00:00:00,2,Yellow,2024,10,0.0
0 days 00:10:00.895000,1,AllClear,2024,10,600.895
0 days 00:09:41.493000,1,AllClear,2024,11,581.493
0 days 02:10:27.621000,2,Yellow,2024,11,7827.621
0 days 02:10:31.114000,1,AllClear,2024,11,7831.114
0 days 02:12:52.483000,6,VSCDeployed,2024,11,7972.483
0 days 02:13:38.250000,7,VSCEnding,2024,11,8018.25
0 days 02:13:50.429000,1,AllClear,2024,11,8030.429
0 days 00:06:27.196000,1,AllClear,2024,12,387.196
0 days 00:06:31.179000,1,AllClear,2024,13,391.179
0 days 02:22:30.594000,2,Yellow,2024,13,8550.594
0 days 02:22:34.774000,1,AllClear,2024,13,8554.774
0 days 00:00:00,2,Yellow,2024,14,0.0
0 days 00:03:45.413000,1,AllClear,2024,14,225.413
0 days 01:22:18.736000,2,Yellow,2024,14,4938.736
0 days 01:22:20.200000,1,AllClear,2024,14,4940.2
0 days 00:00:00,1,AllClear,2024,15,0.0
0 days 00:14:41.553000,2,Yellow,2024,15,881.553
0 days 00:24:08.672000,1,AllClear,2024,15,1448.672
0 days 00:13:12.826000,1,AllClear,2024,16,792.826
0 days 00:13:39.841000,2,Yellow,2024,17,819.841
0 days 00:13:39.841000,1,AllClear,2024,17,819.841
0 days 00:13:39.841000,2,Yellow,2024,17,819.841
0 days 00:13:39.841000,1,AllClear,2024,17,819.841
0 days 00:13:39.841000,2,Yellow,2024,17,819.841
0 days 00:13:39.841000,1,AllClear,2024,17,819.841
0 days 00:13:39.841000,2,Yellow,2024,17,819.841
0 days 00:13:39.841000,1,AllClear,2024,17,819.841
0 days 00:19:07.406000,2,Yellow,2024,17,1147.406
0 days 00:19:13.571000,1,AllClear,2024,17,1153.571
0 days 00:27:07.476000,2,Yellow,2024,17,1627.476
0 days 00:27:11.287000,1,AllClear,2024,17,1631.287
0 days 00:27:15.331000,2,Yellow,2024,17,1635.331
0 days 00:27:19.546000,1,AllClear,2024,17,1639.546
0 days 00:54:14.046000,2,Yellow,2024,17,3254.046
0 days 00:54:16.527000,1,AllClear,2024,17,3256.527
0 days 02:01:09.639000,2,Yellow,2024,17,7269.639
0 days 02:01:14.191000,1,AllClear,2024,17,7274.191
0 days 02:25:25.496000,2,Yellow,2024,17,8725.496
0 days 02:26:42.569000,6,VSCDeployed,2024,17,8802.569
0 days 00:00:00,2,Yellow,2024,18,0.0
0 days 00:00:03.251000,1,AllClear,2024,18,3.251
0 days 00:00:09.253000,2,Yellow,2024,18,9.253
0 days 00:00:25.453000,1,AllClear,2024,18,25.453
0 days 00:00:00,2,Yellow,2024,19,0.0
0 days 00:08:58.393000,1,AllClear,2024,19,538.393
0 days 00:57:27.032000,2,Yellow,2024,19,3447.032
0 days 00:57:38.513000,1,AllClear,2024,19,3458.513
0 days 01:00:35.112000,2,Yellow,2024,19,3635.112
0 days 01:01:28.409000,4,SCDeployed,2024,19,3688.409
0 days 01:07:40.524000,1,AllClear,2024,19,4060.524
0 days 01:15:02.847000,2,Yellow,2024,19,4502.847
0 days 01:15:07.470000,1,AllClear,2024,19,4507.47
0 days 02:07:29.886000,2,Yellow,2024,19,7649.886
0 days 02:07:38.510000,1,AllClear,2024,19,7658.51
0 days 00:00:00,2,Yellow,2024,20,0.0
0 days 00:00:22.917000,1,AllClear,2024,20,22.917
0 days 00:23:31.553000,2,Yellow,2024,20,1411.553
0 days 00:39:27.571000,1,AllClear,2024,20,2367.571
0 days 00:56:20.860000,2,Yellow,2024,20,3380.86
0 days 00:56:58.362000,4,SCDeployed,2024,20,3418.362
0 days 01:08:29.689000,1,AllClear,2024,20,4109.689
0 days 00:00:00,1,AllClear,2024,21,0.0
0 days 00:52:58.758000,2,Yellow,2024,21,3178.758
0 days 00:58:32.359000,1,AllClear,2024,21,3512.359
0 days 01:13:10.258000,2,Yellow,2024,21,4390.258
0 days 01:13:19.484000,1,AllClear,2024,21,4399.484
0 days 01:17:25.352000,2,Yellow,2024,21,4645.352
0 days 01:17:28.803000,1,AllClear,2024,21,4648.803
0 days 01:27:37.971000,2,Yellow,2024,21,5257.971
0 days 01:27:48.625000,1,AllClear,2024,21,5268.625
0 days 01:47:45.888000,2,Yellow,2024,21,6465.888
0 days 01:47:49.810000,1,AllClear,2024,21,6469.81
0 days 01:49:38.987000,2,Yellow,2024,21,6578.987
0 days 01:50:18.848000,6,VSCDeployed,2024,21,6618.848
0 days 01:51:47.994000,7,VSCEnding,2024,21,6707.994
0 days 01:52:01.710000,1,AllClear,2024,21,6721.71
0 days 01:54:50.200000,4,SCDeployed,2024,21,6890.2
0 days 01:59:19.333000,5,Red,2024,21,7159.333
0 days 02:23:12.325000,1,AllClear,2024,21,8592.325
0 days 02:26:20.605000,2,Yellow,2024,21,8780.605
0 days 02:26:38.296000,1,AllClear,2024,21,8798.296
0 days 02:30:40.572000,2,Yellow,2024,21,9040.572
0 days 02:30:58.358000,1,AllClear,2024,21,9058.358
0 days 02:32:55.981000,2,Yellow,2024,21,9175.981
0 days 02:33:04.122000,1,AllClear,2024,21,9184.122
0 days 02:35:08.379000,2,Yellow,2024,21,9308.379
0 days 02:35:12.045000,4,SCDeployed,2024,21,9312.045
0 days 02:41:26.301000,1,AllClear,2024,21,9686.301
0 days 02:43:14.900000,2,Yellow,2024,21,9794.9
0 days 02:43:36.771000,1,AllClear,2024,21,9816.771
0 days 02:54:27.095000,2,Yellow,2024,21,10467.095
0 days 02:54:32.696000,1,AllClear,2024,21,10472.696
0 days 00:00:00,2,Yellow,2024,22,0.0
0 days 00:04:43.802000,1,AllClear,2024,22,283.802
0 days 02:22:12.269000,2,Yellow,2024,22,8532.269
0 days 00:05:37.763000,1,AllClear,2024,23,337.763
0 days 00:55:07.112000,2,Yellow,2024,23,3307.112
0 days 00:55:49.928000,4,SCDeployed,2024,23,3349.928
0 days 01:03:27.530000,1,AllClear,2024,23,3807.53
0 days 01:04:12.481000,2,Yellow,2024,23,3852.481
0 days 01:04:19.563000,1,AllClear,2024,23,3859.563
0 days 01:39:34.892000,2,Yellow,2024,23,5974.892
0 days 01:39:41.487000,1,AllClear,2024,23,5981.487
0 days 01:39:42.909000,2,Yellow,2024,23,5982.909
0 days 01:39:45.014000,1,AllClear,2024,23,5985.014
0 days 01:39:46.486000,2,Yellow,2024,23,5986.486
0 days 01:39:49.144000,1,AllClear,2024,23,5989.144
0 days 01:39:50.486000,2,Yellow,2024,23,5990.486
0 days 01:39:53.420000,1,AllClear,2024,23,5993.42
0 days 01:39:54.499000,2,Yellow,2024,23,5994.499
0 days 01:39:54.956000,1,AllClear,2024,23,5994.956
0 days 01:47:48.919000,4,SCDeployed,2024,23,6468.919
0 days 01:58:24.733000,1,AllClear,2024,23,7104.733
0 days 01:59:16.110000,2,Yellow,2024,23,7156.11
0 days 01:59:20.165000,1,AllClear,2024,23,7160.165
0 days 01:59:26.820000,2,Yellow,2024,23,7166.82
0 days 01:59:41.027000,6,VSCDeployed,2024,23,7181.027
0 days 02:00:00.846000,4,SCDeployed,2024,23,7200.846
0 days 02:04:44.681000,1,AllClear,2024,23,7484.681
0 days 00:00:00,1,AllClear,2024,24,0.0
0 days 00:57:38.172000,2,Yellow,2024,24,3458.172
0 days 00:57:43.506000,1,AllClear,2024,24,3463.506
0 days 00:58:28.274000,2,Yellow,2024,24,3508.274
0 days 00:59:06.540000,6,VSCDeployed,2024,24,3546.54
0 days 01:00:53.361000,7,VSCEnding,2024,24,3653.361
0 days 01:01:03.708000,1,AllClear,2024,24,3663.708
0 days 01:42:34.999000,2,Yellow,2024,24,6154.999
0 days 01:42:38.500000,1,AllClear,2024,24,6158.5
0 days 01:42:39.958000,2,Yellow,2024,24,6159.958
0 days 01:42:46.076000,1,AllClear,2024,24,6166.076
0 days 02:22:08.652000,2,Yellow,2024,24,8528.652
0 days 02:22:34.092000,1,AllClear,2024,24,8554.092
